eleccion_id,cargo_id,fuerza,distrito_id,votos_cantidad
0,1,,1,52388
0,1,,2,357721
0,1,,3,4271
0,1,,4,38696
0,1,,5,15695
0,1,,6,7986
0,1,,7,8565
0,1,,8,64532
0,1,,9,14570
0,1,,10,25948
0,1,,11,23750
0,1,,12,22903
0,1,,13,98530
0,1,,14,13114
0,1,,15,19092
0,1,,16,12669
0,1,,17,11106
0,1,,18,24399
0,1,,19,14536
0,1,,20,8942
0,1,,21,45256
0,1,,22,6293
0,1,,23,15183
0,1,,24,2530
0,1,IZQUIERDA,1,61055
0,1,IZQUIERDA,2,230721
0,1,IZQUIERDA,3,2891
0,1,IZQUIERDA,4,51766
0,1,IZQUIERDA,5,4238
0,1,IZQUIERDA,6,4564
0,1,IZQUIERDA,7,5138
0,1,IZQUIERDA,8,6864
0,1,IZQUIERDA,9,1186
0,1,IZQUIERDA,10,6219
0,1,IZQUIERDA,11,2109
0,1,IZQUIERDA,12,2231
0,1,IZQUIERDA,13,13520
0,1,IZQUIERDA,14,5557
0,1,IZQUIERDA,15,10083
0,1,IZQUIERDA,16,6631
0,1,IZQUIERDA,17,21824
0,1,IZQUIERDA,18,3569
0,1,IZQUIERDA,19,2372
0,1,IZQUIERDA,20,2427
0,1,IZQUIERDA,21,30872
0,1,IZQUIERDA,22,4437
0,1,IZQUIERDA,23,15436
0,1,IZQUIERDA,24,1372
0,1,OTROS,1,271791
0,1,OTROS,2,746078
0,1,OTROS,3,7271
0,1,OTROS,4,112240
0,1,OTROS,5,35101
0,1,OTROS,6,34523
0,1,OTROS,7,48981
0,1,OTROS,8,35073
0,1,OTROS,9,6528
0,1,OTROS,10,9583
0,1,OTROS,11,8805
0,1,OTROS,12,4419
0,1,OTROS,13,33372
0,1,OTROS,14,50813
0,1,OTROS,15,17340
0,1,OTROS,16,15176
0,1,OTROS,17,33685
0,1,OTROS,18,10401
0,1,OTROS,19,4346
0,1,OTROS,20,4149
0,1,OTROS,21,119972
0,1,OTROS,22,16565
0,1,OTROS,23,30988
0,1,OTROS,24,3580
0,1,PERON,1,653520
0,1,PERON,2,4704016
0,1,PERON,3,130983
0,1,PERON,4,682234
0,1,PERON,5,339420
0,1,PERON,6,367176
0,1,PERON,7,162499
0,1,PERON,8,356040
0,1,PERON,9,181966
0,1,PERON,10,195652
0,1,PERON,11,102096
0,1,PERON,12,76891
0,1,PERON,13,436423
0,1,PERON,14,362680
0,1,PERON,15,188923
0,1,PERON,16,224362
0,1,PERON,17,381590
0,1,PERON,18,218243
0,1,PERON,19,71855
0,1,PERON,20,104867
0,1,PERON,21,748999
0,1,PERON,22,333491
0,1,PERON,23,521093
0,1,PERON,24,48004
0,1,PROVINCIAL,1,184116
0,1,PROVINCIAL,2,614742
0,1,PROVINCIAL,3,3353
0,1,PROVINCIAL,4,224648
0,1,PROVINCIAL,5,20122
0,1,PROVINCIAL,6,17050
0,1,PROVINCIAL,7,8236
0,1,PROVINCIAL,8,26919
0,1,PROVINCIAL,9,2090
0,1,PROVINCIAL,10,11232
0,1,PROVINCIAL,11,14911
0,1,PROVINCIAL,12,31269
0,1,PROVINCIAL,13,174433
0,1,PROVINCIAL,14,16732
0,1,PROVINCIAL,15,19873
0,1,PROVINCIAL,16,13303
0,1,PROVINCIAL,17,19492
0,1,PROVINCIAL,18,56867
0,1,PROVINCIAL,19,117707
0,1,PROVINCIAL,20,1794
0,1,PROVINCIAL,21,85672
0,1,PROVINCIAL,22,6790
0,1,PROVINCIAL,23,39032
0,1,PROVINCIAL,24,4002
0,1,SOCIALISTA,1,518069
0,1,SOCIALISTA,2,1251277
0,1,SOCIALISTA,3,9591
0,1,SOCIALISTA,4,427669
0,1,SOCIALISTA,5,35926
0,1,SOCIALISTA,6,40362
0,1,SOCIALISTA,7,21028
0,1,SOCIALISTA,8,133525
0,1,SOCIALISTA,9,6375
0,1,SOCIALISTA,10,25205
0,1,SOCIALISTA,11,23977
0,1,SOCIALISTA,12,9169
0,1,SOCIALISTA,13,106071
0,1,SOCIALISTA,14,30786
0,1,SOCIALISTA,15,44641
0,1,SOCIALISTA,16,39588
0,1,SOCIALISTA,17,49768
0,1,SOCIALISTA,18,20859
0,1,SOCIALISTA,19,11610
0,1,SOCIALISTA,20,10357
0,1,SOCIALISTA,21,697855
0,1,SOCIALISTA,22,16753
0,1,SOCIALISTA,23,86830
0,1,SOCIALISTA,24,7227
0,1,UCR,1,176026
0,1,UCR,2,810882
0,1,UCR,3,33649
0,1,UCR,4,328339
0,1,UCR,5,64359
0,1,UCR,6,99612
0,1,UCR,7,26053
0,1,UCR,8,94191
0,1,UCR,9,34659
0,1,UCR,10,58025
0,1,UCR,11,23387
0,1,UCR,12,26067
0,1,UCR,13,94776
0,1,UCR,14,73805
0,1,UCR,15,28829
0,1,UCR,16,30735
0,1,UCR,17,87923
0,1,UCR,18,23958
0,1,UCR,19,20857
0,1,UCR,20,16686
0,1,UCR,21,101414
0,1,UCR,22,28586
0,1,UCR,23,106139
0,1,UCR,24,6099
0,2,,2,740833
0,2,,9,30539
0,2,,10,43914
0,2,,12,16942
0,2,,14,42465
0,2,,18,36995
0,2,,19,33841
0,2,,20,31911
0,2,IZQUIERDA,2,272890
0,2,IZQUIERDA,10,6548
0,2,OTROS,2,776540
0,2,OTROS,9,3379
0,2,OTROS,10,31747
0,2,OTROS,12,67168
0,2,OTROS,14,82936
0,2,OTROS,18,23399
0,2,OTROS,20,13214
0,2,PERON,2,4506458
0,2,PERON,9,158237
0,2,PERON,10,148495
0,2,PERON,12,53147
0,2,PERON,14,98129
0,2,PERON,18,211127
0,2,PERON,19,58593
0,2,PERON,20,76426
0,2,PROVINCIAL,2,473815
0,2,PROVINCIAL,14,253252
0,2,PROVINCIAL,18,59175
0,2,PROVINCIAL,19,124198
0,2,SOCIALISTA,2,1067108
0,2,SOCIALISTA,10,11220
0,2,UCR,2,858969
0,2,UCR,9,43695
0,2,UCR,10,82361
0,2,UCR,12,37130
0,2,UCR,14,74455
0,2,UCR,18,22164
0,2,UCR,19,21633
0,2,UCR,20,26632
0,3,,1,52459
0,3,,2,862498
0,3,,3,9490
0,3,,4,59787
0,3,,5,40116
0,3,,6,32947
0,3,,7,28455
0,3,,8,129048
0,3,,9,29575
0,3,,10,55403
0,3,,11,44840
0,3,,12,28273
0,3,,13,127447
0,3,,14,49408
0,3,,15,59426
0,3,,16,49918
0,3,,17,14201
0,3,,18,43876
0,3,,19,39796
0,3,,20,36279
0,3,,21,94411
0,3,,22,15597
0,3,,23,53951
0,3,,24,11241
0,3,IZQUIERDA,1,104387
0,3,IZQUIERDA,2,279241
0,3,IZQUIERDA,4,77571
0,3,IZQUIERDA,10,7014
0,3,IZQUIERDA,15,3601
0,3,IZQUIERDA,23,22892
0,3,OTROS,1,295113
0,3,OTROS,2,729516
0,3,OTROS,3,9207
0,3,OTROS,4,147634
0,3,OTROS,5,41744
0,3,OTROS,6,46842
0,3,OTROS,7,66052
0,3,OTROS,8,131936
0,3,OTROS,9,3331
0,3,OTROS,10,32692
0,3,OTROS,11,90733
0,3,OTROS,12,53685
0,3,OTROS,13,294348
0,3,OTROS,14,83917
0,3,OTROS,15,118663
0,3,OTROS,16,51002
0,3,OTROS,17,120938
0,3,OTROS,18,12949
0,3,OTROS,20,16664
0,3,OTROS,21,206910
0,3,OTROS,22,26170
0,3,OTROS,23,67180
0,3,OTROS,24,41096
0,3,PERON,1,542694
0,3,PERON,2,4460986
0,3,PERON,3,120806
0,3,PERON,4,626631
0,3,PERON,5,291679
0,3,PERON,6,322074
0,3,PERON,7,149757
0,3,PERON,8,330255
0,3,PERON,9,160679
0,3,PERON,10,143744
0,3,PERON,12,54430
0,3,PERON,13,377510
0,3,PERON,14,96673
0,3,PERON,15,88591
0,3,PERON,16,199576
0,3,PERON,17,318404
0,3,PERON,18,211951
0,3,PERON,19,58192
0,3,PERON,20,72799
0,3,PERON,21,715403
0,3,PERON,22,57156
0,3,PERON,23,456466
0,3,PERON,24,14899
0,3,PRO,1,368026
0,3,PROVINCIAL,1,108023
0,3,PROVINCIAL,2,437371
0,3,PROVINCIAL,4,213851
0,3,PROVINCIAL,11,7668
0,3,PROVINCIAL,13,137168
0,3,PROVINCIAL,14,246672
0,3,PROVINCIAL,18,59070
0,3,PROVINCIAL,19,117209
0,3,PROVINCIAL,21,76681
0,3,PROVINCIAL,22,272986
0,3,SOCIALISTA,1,313749
0,3,SOCIALISTA,2,1018572
0,3,SOCIALISTA,3,46952
0,3,SOCIALISTA,4,362663
0,3,SOCIALISTA,5,24579
0,3,SOCIALISTA,6,35221
0,3,SOCIALISTA,10,11200
0,3,SOCIALISTA,11,51746
0,3,SOCIALISTA,15,31017
0,3,SOCIALISTA,17,26549
0,3,SOCIALISTA,21,614075
0,3,SOCIALISTA,23,79864
0,3,UCR,1,131650
0,3,UCR,2,905064
0,3,UCR,4,360857
0,3,UCR,5,85200
0,3,UCR,6,113830
0,3,UCR,7,31226
0,3,UCR,8,101815
0,3,UCR,9,40824
0,3,UCR,10,68276
0,3,UCR,12,34756
0,3,UCR,14,73752
0,3,UCR,15,25476
0,3,UCR,16,34508
0,3,UCR,17,99780
0,3,UCR,18,21995
0,3,UCR,19,21850
0,3,UCR,20,22122
0,3,UCR,21,113412
0,3,UCR,22,29142
0,3,UCR,23,123004
0,3,UCR,24,4826
0,4,,2,1171483
0,4,,8,76053
0,4,,10,43164
0,4,,18,27768
0,4,,19,22981
0,4,,20,10958
0,4,IZQUIERDA,2,233805
0,4,IZQUIERDA,8,3573
0,4,IZQUIERDA,10,7091
0,4,OTROS,2,1081620
0,4,OTROS,8,157961
0,4,OTROS,10,31014
0,4,OTROS,18,104206
0,4,OTROS,19,36648
0,4,OTROS,20,67216
0,4,PERON,2,4165549
0,4,PERON,8,358184
0,4,PERON,10,160402
0,4,PERON,18,223150
0,4,PERON,19,55358
0,4,PERON,20,70907
0,4,PROVINCIAL,19,125321
0,4,SOCIALISTA,2,883584
0,4,SOCIALISTA,8,120705
0,4,SOCIALISTA,10,8951
0,4,UCR,2,1200575
0,4,UCR,10,73276
0,5,,2,519601
0,5,,8,97924
0,5,,18,43516
0,5,,19,23597
0,5,IZQUIERDA,2,127867
0,5,IZQUIERDA,8,4293
0,5,OTROS,2,499749
0,5,OTROS,8,155421
0,5,OTROS,18,103939
0,5,OTROS,19,21760
0,5,PERON,2,2103412
0,5,PERON,8,325003
0,5,PERON,18,202304
0,5,PERON,19,38242
0,5,PROVINCIAL,2,198634
0,5,PROVINCIAL,19,68490
0,5,SOCIALISTA,2,424534
0,5,SOCIALISTA,8,124082
0,5,UCR,2,458731
0,6,,2,557653
0,6,,8,105955
0,6,,10,64585
0,6,,18,43335
0,6,,19,16245
0,6,,20,36954
0,6,IZQUIERDA,2,115688
0,6,IZQUIERDA,8,4020
0,6,IZQUIERDA,10,8057
0,6,OTROS,2,590444
0,6,OTROS,8,151389
0,6,OTROS,10,33936
0,6,OTROS,18,113982
0,6,OTROS,19,14890
0,6,OTROS,20,16108
0,6,PERON,2,1917530
0,6,PERON,8,318495
0,6,PERON,10,133725
0,6,PERON,18,193003
0,6,PERON,19,20344
0,6,PERON,20,69208
0,6,PROVINCIAL,2,206333
0,6,PROVINCIAL,19,51502
0,6,SOCIALISTA,2,431753
0,6,SOCIALISTA,8,122454
0,6,SOCIALISTA,10,10579
0,6,UCR,2,590216
0,6,UCR,10,64241
0,6,UCR,20,25888
0,10,,2,728206
0,10,,20,17079
0,10,IZQUIERDA,2,156501
0,10,OTROS,2,1392205
0,10,OTROS,20,24881
0,10,PERON,2,2922979
0,10,PERON,20,45669
0,10,PROVINCIAL,2,239430
0,10,SOCIALISTA,2,628703
0,10,UCR,2,876290
1,1,,1,34030
1,1,,2,353748
1,1,,3,1895
1,1,,4,43995
1,1,,5,5214
1,1,,6,6579
1,1,,7,6066
1,1,,8,16108
1,1,,9,3979
1,1,,10,6257
1,1,,11,6961
1,1,,12,22202
1,1,,13,18497
1,1,,14,14364
1,1,,15,21426
1,1,,16,9269
1,1,,17,2233
1,1,,18,10857
1,1,,19,6936
1,1,,20,5012
1,1,,21,38872
1,1,,22,2889
1,1,,23,11089
1,1,,24,4996
1,1,IZQUIERDA,1,48344
1,1,IZQUIERDA,2,126700
1,1,IZQUIERDA,3,568
1,1,IZQUIERDA,4,39027
1,1,IZQUIERDA,5,1192
1,1,IZQUIERDA,6,2195
1,1,IZQUIERDA,7,2579
1,1,IZQUIERDA,8,2108
1,1,IZQUIERDA,9,636
1,1,IZQUIERDA,10,3910
1,1,IZQUIERDA,11,1652
1,1,IZQUIERDA,12,1288
1,1,IZQUIERDA,13,10990
1,1,IZQUIERDA,14,2634
1,1,IZQUIERDA,15,10123
1,1,IZQUIERDA,16,5952
1,1,IZQUIERDA,17,3633
1,1,IZQUIERDA,18,954
1,1,IZQUIERDA,19,469
1,1,IZQUIERDA,20,3577
1,1,IZQUIERDA,21,16279
1,1,IZQUIERDA,22,1355
1,1,IZQUIERDA,23,5216
1,1,IZQUIERDA,24,947
1,1,OTROS,1,359003
1,1,OTROS,2,915657
1,1,OTROS,3,4708
1,1,OTROS,4,189409
1,1,OTROS,5,24118
1,1,OTROS,6,32875
1,1,OTROS,7,47549
1,1,OTROS,8,31304
1,1,OTROS,9,7370
1,1,OTROS,10,11126
1,1,OTROS,11,17495
1,1,OTROS,12,5521
1,1,OTROS,13,47470
1,1,OTROS,14,47560
1,1,OTROS,15,35940
1,1,OTROS,16,28306
1,1,OTROS,17,11496
1,1,OTROS,18,6807
1,1,OTROS,19,2800
1,1,OTROS,20,10371
1,1,OTROS,21,205173
1,1,OTROS,22,12087
1,1,OTROS,23,24877
1,1,OTROS,24,5752
1,1,PERON,1,352350
1,1,PERON,2,2504967
1,1,PERON,3,35770
1,1,PERON,4,378263
1,1,PERON,5,95111
1,1,PERON,6,177903
1,1,PERON,7,77939
1,1,PERON,8,78700
1,1,PERON,9,51619
1,1,PERON,10,67368
1,1,PERON,11,54096
1,1,PERON,12,40014
1,1,PERON,13,189510
1,1,PERON,14,211343
1,1,PERON,15,114585
1,1,PERON,16,133661
1,1,PERON,17,54121
1,1,PERON,18,51915
1,1,PERON,19,17900
1,1,PERON,20,71737
1,1,PERON,21,457669
1,1,PERON,22,123577
1,1,PERON,23,160469
1,1,PERON,24,29212
1,1,PROVINCIAL,1,130459
1,1,PROVINCIAL,2,338244
1,1,PROVINCIAL,3,2582
1,1,PROVINCIAL,4,157858
1,1,PROVINCIAL,5,5374
1,1,PROVINCIAL,6,8535
1,1,PROVINCIAL,7,4098
1,1,PROVINCIAL,8,11843
1,1,PROVINCIAL,9,1588
1,1,PROVINCIAL,10,6759
1,1,PROVINCIAL,11,13770
1,1,PROVINCIAL,12,16410
1,1,PROVINCIAL,13,83735
1,1,PROVINCIAL,14,11222
1,1,PROVINCIAL,15,4957
1,1,PROVINCIAL,16,10770
1,1,PROVINCIAL,17,2302
1,1,PROVINCIAL,18,14472
1,1,PROVINCIAL,19,32132
1,1,PROVINCIAL,20,2857
1,1,PROVINCIAL,21,69284
1,1,PROVINCIAL,22,2508
1,1,PROVINCIAL,23,11768
1,1,PROVINCIAL,24,3440
1,1,SOCIALISTA,1,169792
1,1,SOCIALISTA,2,396804
1,1,SOCIALISTA,3,1356
1,1,SOCIALISTA,4,165031
1,1,SOCIALISTA,5,5034
1,1,SOCIALISTA,6,8543
1,1,SOCIALISTA,7,6575
1,1,SOCIALISTA,8,26191
1,1,SOCIALISTA,9,1702
1,1,SOCIALISTA,10,6958
1,1,SOCIALISTA,11,8004
1,1,SOCIALISTA,12,2715
1,1,SOCIALISTA,13,32106
1,1,SOCIALISTA,14,10216
1,1,SOCIALISTA,15,21058
1,1,SOCIALISTA,16,14720
1,1,SOCIALISTA,17,4961
1,1,SOCIALISTA,18,2813
1,1,SOCIALISTA,19,2190
1,1,SOCIALISTA,20,5362
1,1,SOCIALISTA,21,402050
1,1,SOCIALISTA,22,3552
1,1,SOCIALISTA,23,16603
1,1,SOCIALISTA,24,3455
1,1,UCR,1,119597
1,1,UCR,2,565392
1,1,UCR,3,12052
1,1,UCR,4,206677
1,1,UCR,5,23214
1,1,UCR,6,65507
1,1,UCR,7,15353
1,1,UCR,8,31888
1,1,UCR,9,11478
1,1,UCR,10,23902
1,1,UCR,11,18718
1,1,UCR,12,14606
1,1,UCR,13,50853
1,1,UCR,14,47685
1,1,UCR,15,23285
1,1,UCR,16,30473
1,1,UCR,17,12851
1,1,UCR,18,7230
1,1,UCR,19,7241
1,1,UCR,20,15913
1,1,UCR,21,85516
1,1,UCR,22,9732
1,1,UCR,23,38870
1,1,UCR,24,4888
1,2,,2,604754
1,2,,9,11704
1,2,,10,13354
1,2,,12,11590
1,2,,14,33665
1,2,,18,15568
1,2,,19,14324
1,2,,20,16115
1,2,IZQUIERDA,2,119024
1,2,IZQUIERDA,10,4807
1,2,IZQUIERDA,12,1440
1,2,IZQUIERDA,18,973
1,2,OTROS,2,824954
1,2,OTROS,9,5260
1,2,OTROS,10,44885
1,2,OTROS,12,40031
1,2,OTROS,14,40967
1,2,OTROS,18,6506
1,2,OTROS,19,1397
1,2,OTROS,20,11252
1,2,PERON,2,2278091
1,2,PERON,9,49747
1,2,PERON,10,51886
1,2,PERON,12,32243
1,2,PERON,14,46993
1,2,PERON,18,49202
1,2,PERON,19,13440
1,2,PERON,20,60397
1,2,PROVINCIAL,2,264766
1,2,PROVINCIAL,14,155230
1,2,PROVINCIAL,18,13618
1,2,PROVINCIAL,19,28236
1,2,SOCIALISTA,2,333755
1,2,SOCIALISTA,14,8463
1,2,SOCIALISTA,19,191
1,2,SOCIALISTA,20,3561
1,2,UCR,2,555600
1,2,UCR,9,14158
1,2,UCR,12,19179
1,2,UCR,14,47365
1,2,UCR,18,6884
1,2,UCR,19,6731
1,2,UCR,20,20981
1,3,,1,39327
1,3,,2,640967
1,3,,3,4449
1,3,,4,58071
1,3,,5,12963
1,3,,6,12971
1,3,,7,12972
1,3,,8,28747
1,3,,9,12185
1,3,,10,17445
1,3,,11,15516
1,3,,12,14864
1,3,,13,24334
1,3,,14,35479
1,3,,15,28000
1,3,,16,37936
1,3,,17,3168
1,3,,18,15203
1,3,,19,12702
1,3,,20,16276
1,3,,21,60811
1,3,,22,4706
1,3,,23,22485
1,3,,24,11025
1,3,IZQUIERDA,1,46662
1,3,IZQUIERDA,2,113964
1,3,IZQUIERDA,4,38135
1,3,IZQUIERDA,8,1411
1,3,IZQUIERDA,10,5046
1,3,IZQUIERDA,12,1486
1,3,IZQUIERDA,13,5250
1,3,IZQUIERDA,15,15125
1,3,IZQUIERDA,18,928
1,3,IZQUIERDA,22,919
1,3,IZQUIERDA,23,4588
1,3,OTROS,1,649808
1,3,OTROS,2,759724
1,3,OTROS,3,5458
1,3,OTROS,4,223390
1,3,OTROS,5,14958
1,3,OTROS,6,68116
1,3,OTROS,7,41341
1,3,OTROS,8,39548
1,3,OTROS,9,5344
1,3,OTROS,10,42261
1,3,OTROS,11,63036
1,3,OTROS,12,34803
1,3,OTROS,13,103704
1,3,OTROS,14,39588
1,3,OTROS,15,39649
1,3,OTROS,16,21137
1,3,OTROS,17,22193
1,3,OTROS,18,5921
1,3,OTROS,19,1462
1,3,OTROS,20,12083
1,3,OTROS,21,218214
1,3,OTROS,22,6808
1,3,OTROS,23,38239
1,3,OTROS,24,19044
1,3,PERON,1,293833
1,3,PERON,2,2168370
1,3,PERON,3,26961
1,3,PERON,4,291325
1,3,PERON,5,57076
1,3,PERON,6,95568
1,3,PERON,7,60144
1,3,PERON,8,67464
1,3,PERON,9,51767
1,3,PERON,10,49553
1,3,PERON,12,31331
1,3,PERON,13,142273
1,3,PERON,14,45980
1,3,PERON,15,80189
1,3,PERON,16,105273
1,3,PERON,17,25234
1,3,PERON,18,48873
1,3,PERON,19,14672
1,3,PERON,20,56389
1,3,PERON,21,409043
1,3,PERON,22,9879
1,3,PERON,23,110800
1,3,PERON,24,17967
1,3,PROVINCIAL,1,84145
1,3,PROVINCIAL,2,245381
1,3,PROVINCIAL,4,129985
1,3,PROVINCIAL,11,10991
1,3,PROVINCIAL,13,56215
1,3,PROVINCIAL,14,148643
1,3,PROVINCIAL,15,37498
1,3,PROVINCIAL,18,13114
1,3,PROVINCIAL,19,32312
1,3,PROVINCIAL,21,42056
1,3,PROVINCIAL,22,60024
1,3,SOCIALISTA,2,305822
1,3,SOCIALISTA,3,11074
1,3,SOCIALISTA,4,138713
1,3,SOCIALISTA,5,3145
1,3,SOCIALISTA,6,5238
1,3,SOCIALISTA,8,10927
1,3,SOCIALISTA,11,31409
1,3,SOCIALISTA,12,535
1,3,SOCIALISTA,13,18205
1,3,SOCIALISTA,14,8191
1,3,SOCIALISTA,16,11390
1,3,SOCIALISTA,19,196
1,3,SOCIALISTA,20,3323
1,3,SOCIALISTA,21,347043
1,3,UCR,2,564413
1,3,UCR,4,201985
1,3,UCR,5,15309
1,3,UCR,7,15986
1,3,UCR,8,28788
1,3,UCR,9,14042
1,3,UCR,12,16958
1,3,UCR,14,46293
1,3,UCR,15,18146
1,3,UCR,16,28027
1,3,UCR,18,6731
1,3,UCR,19,7376
1,3,UCR,20,20489
1,3,UCR,21,87743
1,3,UCR,22,5837
1,3,UCR,23,39621
1,3,UCR,24,3411
1,4,,2,510881
1,4,,18,15382
1,4,IZQUIERDA,2,88457
1,4,OTROS,2,931569
1,4,OTROS,18,28942
1,4,PERON,2,1713507
1,4,PERON,18,59911
1,4,PROVINCIAL,2,187095
1,4,UCR,2,641787
1,5,,2,283964
1,5,,18,20305
1,5,IZQUIERDA,2,42267
1,5,OTROS,2,379430
1,5,OTROS,18,27304
1,5,PERON,2,745324
1,5,PERON,18,54727
1,5,PROVINCIAL,2,71906
1,5,UCR,2,211960
1,6,,2,333497
1,6,,18,19698
1,6,IZQUIERDA,2,42031
1,6,OTROS,2,494568
1,6,OTROS,18,29054
1,6,PERON,2,782322
1,6,PERON,18,51349
1,6,PROVINCIAL,2,90933
1,6,UCR,2,296485
2,2,,1,123812
2,2,,6,42269
2,2,,8,23690
2,2,,15,20981
2,2,,16,20261
2,2,,17,22600
2,2,,22,35093
2,2,,24,15127
2,2,IZQUIERDA,1,85678
2,2,IZQUIERDA,6,26938
2,2,IZQUIERDA,8,22599
2,2,IZQUIERDA,15,32166
2,2,IZQUIERDA,16,27113
2,2,IZQUIERDA,17,104863
2,2,IZQUIERDA,22,12499
2,2,MASSA,17,41372
2,2,OTROS,1,598079
2,2,OTROS,15,93297
2,2,OTROS,17,151052
2,2,OTROS,22,141133
2,2,OTROS,24,39465
2,2,PERON,1,424456
2,2,PERON,6,364318
2,2,PERON,8,360009
2,2,PERON,15,68871
2,2,PERON,16,171961
2,2,PERON,17,179439
2,2,PERON,22,21424
2,2,PERON,24,26282
2,2,PRO,1,714995
2,2,PRO,6,210354
2,2,PRO,8,200126
2,2,PROVINCIAL,15,140154
2,2,PROVINCIAL,17,140713
2,2,PROVINCIAL,22,289439
2,2,SOCIALISTA,8,41673
2,2,SOCIALISTA,16,90478
2,2,UCR,8,154182
2,2,UCR,16,54781
2,2,UCR,24,3746
2,3,,1,132809
2,3,,2,586424
2,3,,3,13160
2,3,,4,115342
2,3,,5,22069
2,3,,6,48396
2,3,,7,14019
2,3,,8,29328
2,3,,9,12454
2,3,,10,41702
2,3,,11,6737
2,3,,12,12937
2,3,,13,38236
2,3,,14,37830
2,3,,15,23841
2,3,,16,25116
2,3,,17,15400
2,3,,18,11411
2,3,,19,32709
2,3,,20,5351
2,3,,21,99092
2,3,,22,36884
2,3,,23,22782
2,3,,24,10579
2,3,IZQUIERDA,1,102236
2,3,IZQUIERDA,2,455497
2,3,IZQUIERDA,3,4964
2,3,IZQUIERDA,4,148894
2,3,IZQUIERDA,6,26576
2,3,IZQUIERDA,8,23618
2,3,IZQUIERDA,9,8039
2,3,IZQUIERDA,10,29361
2,3,IZQUIERDA,12,4166
2,3,IZQUIERDA,13,141739
2,3,IZQUIERDA,15,32761
2,3,IZQUIERDA,16,28990
2,3,IZQUIERDA,17,118504
2,3,IZQUIERDA,18,6578
2,3,IZQUIERDA,20,17687
2,3,IZQUIERDA,21,85394
2,3,IZQUIERDA,22,12551
2,3,IZQUIERDA,23,26760
2,3,MASSA,2,3911926
2,3,MASSA,17,37406
2,3,OTROS,1,693084
2,3,OTROS,2,630597
2,3,OTROS,3,36559
2,3,OTROS,4,197624
2,3,OTROS,5,57416
2,3,OTROS,7,186202
2,3,OTROS,10,161486
2,3,OTROS,11,61293
2,3,OTROS,12,92174
2,3,OTROS,13,72510
2,3,OTROS,14,87607
2,3,OTROS,15,94696
2,3,OTROS,17,234077
2,3,OTROS,18,63603
2,3,OTROS,19,10563
2,3,OTROS,20,3098
2,3,OTROS,21,62901
2,3,OTROS,22,8235
2,3,OTROS,23,137252
2,3,OTROS,24,47821
2,3,PERON,1,390631
2,3,PERON,2,2881966
2,3,PERON,3,75640
2,3,PERON,4,304658
2,3,PERON,5,238648
2,3,PERON,6,350471
2,3,PERON,7,67242
2,3,PERON,8,358886
2,3,PERON,9,147165
2,3,PERON,10,121810
2,3,PERON,11,70866
2,3,PERON,12,87658
2,3,PERON,13,274457
2,3,PERON,14,67542
2,3,PERON,15,70372
2,3,PERON,16,171632
2,3,PERON,17,118229
2,3,PERON,18,224314
2,3,PERON,19,40473
2,3,PERON,20,71118
2,3,PERON,21,427459
2,3,PERON,22,20580
2,3,PERON,23,416962
2,3,PERON,24,22980
2,3,PRO,1,623464
2,3,PRO,4,287881
2,3,PRO,5,262477
2,3,PRO,6,214003
2,3,PRO,8,180404
2,3,PRO,9,89787
2,3,PRO,20,66915
2,3,PRO,21,511744
2,3,PROVINCIAL,2,1046184
2,3,PROVINCIAL,4,605083
2,3,PROVINCIAL,12,2480
2,3,PROVINCIAL,13,39912
2,3,PROVINCIAL,14,259044
2,3,PROVINCIAL,15,133903
2,3,PROVINCIAL,17,112580
2,3,PROVINCIAL,18,92535
2,3,PROVINCIAL,19,175120
2,3,PROVINCIAL,21,797282
2,3,PROVINCIAL,22,406303
2,3,SOCIALISTA,3,78139
2,3,SOCIALISTA,8,45026
2,3,SOCIALISTA,11,69423
2,3,SOCIALISTA,14,25607
2,3,SOCIALISTA,16,83149
2,3,SOCIALISTA,23,307481
2,3,UCR,4,452270
2,3,UCR,7,36894
2,3,UCR,8,162122
2,3,UCR,13,482216
2,3,UCR,14,159745
2,3,UCR,16,54404
2,3,UCR,18,18376
2,3,UCR,24,3628
2,5,,2,432602
2,5,,3,3148
2,5,,13,36242
2,5,,19,10696
2,5,IZQUIERDA,2,236492
2,5,IZQUIERDA,13,138879
2,5,MASSA,2,1977215
2,5,OTROS,2,278576
2,5,OTROS,3,11302
2,5,OTROS,13,85267
2,5,OTROS,19,17983
2,5,PERON,2,1283724
2,5,PERON,3,23334
2,5,PERON,13,275290
2,5,PERON,19,10477
2,5,PROVINCIAL,2,588158
2,5,PROVINCIAL,13,39074
2,5,PROVINCIAL,19,49784
2,5,SOCIALISTA,3,18862
2,5,UCR,13,470710
2,7,,2,780803
2,7,IZQUIERDA,2,444149
2,7,MASSA,2,3047743
2,7,OTROS,2,1468859
2,7,PERON,2,2520331
2,7,PRO,2,93592
2,7,PROVINCIAL,2,1191340
3,2,,1,59838
3,2,,6,37422
3,2,,8,30963
3,2,,15,27787
3,2,,16,24054
3,2,,17,20311
3,2,,22,17475
3,2,,24,16714
3,2,OTROS,1,624238
3,2,OTROS,15,32029
3,2,OTROS,16,17459
3,2,PERON,6,262251
3,2,PERON,8,327065
3,2,PERON,15,31748
3,2,PERON,17,190156
3,2,PERON,24,5935
3,2,PRO,6,228426
3,2,PROVINCIAL,1,40881
3,2,PROVINCIAL,15,197991
3,2,SOCIALISTA,8,59659
3,2,UCR,16,86029
3,2,UCR,24,4504
3,3,,1,61142
3,3,,2,528332
3,3,,3,7587
3,3,,4,131238
3,3,,5,34059
3,3,,6,36296
3,3,,7,18018
3,3,,8,33404
3,3,,9,16044
3,3,,10,21527
3,3,,11,10078
3,3,,12,12788
3,3,,13,51886
3,3,,14,36119
3,3,,15,27797
3,3,,16,27262
3,3,,17,14290
3,3,,18,19848
3,3,,19,39008
3,3,,20,9748
3,3,,21,112611
3,3,,22,20551
3,3,,23,39105
3,3,,24,12516
3,3,MASSA,2,3081574
3,3,OTROS,1,693507
3,3,OTROS,2,1064552
3,3,OTROS,4,42816
3,3,OTROS,13,104309
3,3,OTROS,14,131085
3,3,OTROS,15,33499
3,3,OTROS,16,17599
3,3,OTROS,18,8171
3,3,OTROS,19,5673
3,3,OTROS,21,28696
3,3,PERON,2,2608511
3,3,PERON,5,213925
3,3,PERON,6,258560
3,3,PERON,7,80477
3,3,PERON,8,325490
3,3,PERON,11,98126
3,3,PERON,14,53056
3,3,PERON,15,39637
3,3,PERON,17,112551
3,3,PERON,19,30131
3,3,PERON,20,32219
3,3,PERON,23,388151
3,3,PERON,24,7373
3,3,PRO,5,263350
3,3,PRO,6,227766
3,3,PRO,9,105406
3,3,PRO,20,67066
3,3,PROVINCIAL,1,39462
3,3,PROVINCIAL,2,1081193
3,3,PROVINCIAL,4,581290
3,3,PROVINCIAL,15,185320
3,3,PROVINCIAL,18,165491
3,3,PROVINCIAL,19,162416
3,3,PROVINCIAL,21,733356
3,3,SOCIALISTA,3,75934
3,3,SOCIALISTA,8,62900
3,3,SOCIALISTA,11,62506
3,3,SOCIALISTA,23,229539
3,3,UCR,4,428741
3,3,UCR,7,34361
3,3,UCR,13,429605
3,3,UCR,14,144911
3,3,UCR,16,83262
3,3,UCR,24,5327
3,5,,2,459666
3,5,,19,9011
3,5,MASSA,2,1604539
3,5,OTROS,2,507243
3,5,OTROS,19,8420
3,5,PERON,2,1143736
3,5,PERON,19,8113
3,5,PROVINCIAL,2,565484
3,5,PROVINCIAL,19,55632
3,6,,2,436851
3,6,,6,24595
3,6,,19,20961
3,6,MASSA,2,1207130
3,6,OTROS,2,522599
3,6,OTROS,19,8803
3,6,PERON,2,1460204
3,6,PERON,6,271501
3,6,PERON,19,21506
3,6,PRO,6,226206
3,6,PROVINCIAL,2,520914
3,6,PROVINCIAL,19,96229
3,7,,2,722156
3,7,MASSA,2,2462699
3,7,OTROS,2,1111730
3,7,PERON,2,2289548
3,7,PROVINCIAL,2,1232963
4,1,,1,77451
4,1,,2,240849
4,1,,3,3874
4,1,,4,56316
4,1,,5,9772
4,1,,6,9473
4,1,,7,10047
4,1,,8,17265
4,1,,9,3764
4,1,,10,6855
4,1,,11,5151
4,1,,12,4277
4,1,,13,31445
4,1,,14,9660
4,1,,15,14435
4,1,,16,12286
4,1,,17,13279
4,1,,18,8621
4,1,,19,8025
4,1,,20,4140
4,1,,21,64612
4,1,,22,6694
4,1,,23,15531
4,1,,24,2996
4,1,PERON,1,682354
4,1,PERON,2,4833680
4,1,PERON,3,112368
4,1,PERON,4,613611
4,1,PERON,5,353976
4,1,PERON,6,401056
4,1,PERON,7,185142
4,1,PERON,8,386874
4,1,PERON,9,205436
4,1,PERON,10,186202
4,1,PERON,11,104013
4,1,PERON,12,87793
4,1,PERON,13,461812
4,1,PERON,14,384954
4,1,PERON,15,198873
4,1,PERON,16,250143
4,1,PERON,17,373800
4,1,PERON,18,256875
4,1,PERON,19,98979
4,1,PERON,20,101270
4,1,PERON,21,902910
4,1,PERON,22,399189
4,1,PERON,23,562602
4,1,PERON,24,54529
4,1,PRO,1,1255099
4,1,PRO,2,4626326
4,1,PRO,3,99789
4,1,PRO,4,1540018
4,1,PRO,5,285351
4,1,PRO,6,276057
4,1,PRO,7,129515
4,1,PRO,8,450998
4,1,PRO,9,115746
4,1,PRO,10,209342
4,1,PRO,11,107888
4,1,PRO,12,114092
4,1,PRO,13,625121
4,1,PRO,14,278308
4,1,PRO,15,177350
4,1,PRO,16,147876
4,1,PRO,17,314944
4,1,PRO,18,172948
4,1,PRO,19,177183
4,1,PRO,20,72239
4,1,PRO,21,1136478
4,1,PRO,22,154742
4,1,PRO,23,397559
4,1,PRO,24,38332
5,1,,1,33449
5,1,,2,286332
5,1,,3,10182
5,1,,4,45489
5,1,,5,12965
5,1,,6,11577
5,1,,7,35258
5,1,,8,35782
5,1,,9,9801
5,1,,10,19788
5,1,,11,13925
5,1,,12,6465
5,1,,13,29743
5,1,,14,38076
5,1,,15,20265
5,1,,16,14121
5,1,,17,12421
5,1,,18,25357
5,1,,19,15179
5,1,,20,8609
5,1,,21,76649
5,1,,22,10250
5,1,,23,27701
5,1,,24,3277
5,1,IZQUIERDA,1,83944
5,1,IZQUIERDA,2,341734
5,1,IZQUIERDA,3,3135
5,1,IZQUIERDA,4,68478
5,1,IZQUIERDA,5,6847
5,1,IZQUIERDA,6,9262
5,1,IZQUIERDA,7,10099
5,1,IZQUIERDA,8,13442
5,1,IZQUIERDA,9,2478
5,1,IZQUIERDA,10,9221
5,1,IZQUIERDA,11,5151
5,1,IZQUIERDA,12,3364
5,1,IZQUIERDA,13,82443
5,1,IZQUIERDA,14,5785
5,1,IZQUIERDA,15,19961
5,1,IZQUIERDA,16,15343
5,1,IZQUIERDA,17,19189
5,1,IZQUIERDA,18,5927
5,1,IZQUIERDA,19,4842
5,1,IZQUIERDA,20,5353
5,1,IZQUIERDA,21,53451
5,1,IZQUIERDA,22,8068
5,1,IZQUIERDA,23,16497
5,1,IZQUIERDA,24,4017
5,1,MASSA,1,299415
5,1,MASSA,2,2062610
5,1,MASSA,3,29838
5,1,MASSA,4,437791
5,1,MASSA,5,94117
5,1,MASSA,6,94400
5,1,MASSA,7,81436
5,1,MASSA,8,150232
5,1,MASSA,9,46000
5,1,MASSA,10,154831
5,1,MASSA,11,44669
5,1,MASSA,12,51443
5,1,MASSA,13,155446
5,1,MASSA,14,87284
5,1,MASSA,15,96888
5,1,MASSA,16,95764
5,1,MASSA,17,236317
5,1,MASSA,18,106060
5,1,MASSA,19,36627
5,1,MASSA,20,37681
5,1,MASSA,21,495005
5,1,MASSA,22,107015
5,1,MASSA,23,189463
5,1,MASSA,24,21373
5,1,OTROS,1,99723
5,1,OTROS,2,264583
5,1,OTROS,3,2155
5,1,OTROS,4,38768
5,1,OTROS,5,6538
5,1,OTROS,6,6866
5,1,OTROS,7,8319
5,1,OTROS,8,15930
5,1,OTROS,9,1010
5,1,OTROS,10,2882
5,1,OTROS,11,5405
5,1,OTROS,12,2190
5,1,OTROS,13,15627
5,1,OTROS,14,8077
5,1,OTROS,15,9867
5,1,OTROS,16,11089
5,1,OTROS,17,7390
5,1,OTROS,18,7077
5,1,OTROS,19,3599
5,1,OTROS,20,2008
5,1,OTROS,21,78879
5,1,OTROS,22,5248
5,1,OTROS,23,12812
5,1,OTROS,24,3009
5,1,PERON,1,472155
5,1,PERON,2,3419041
5,1,PERON,3,84414
5,1,PERON,4,412263
5,1,PERON,5,310626
5,1,PERON,6,344281
5,1,PERON,7,114984
5,1,PERON,8,286020
5,1,PERON,9,169466
5,1,PERON,10,139532
5,1,PERON,11,78536
5,1,PERON,12,71721
5,1,PERON,13,339032
5,1,PERON,14,388839
5,1,PERON,15,131169
5,1,PERON,16,178591
5,1,PERON,17,281438
5,1,PERON,18,185487
5,1,PERON,19,42298
5,1,PERON,20,79714
5,1,PERON,21,633968
5,1,PERON,22,349043
5,1,PERON,23,448055
5,1,PERON,24,41569
5,1,PRO,1,990826
5,1,PRO,2,3031168
5,1,PRO,3,66529
5,1,PRO,4,1142493
5,1,PRO,5,196145
5,1,PRO,6,181189
5,1,PRO,7,59136
5,1,PRO,8,287704
5,1,PRO,9,42148
5,1,PRO,10,65509
5,1,PRO,11,69725
5,1,PRO,12,62758
5,1,PRO,13,441436
5,1,PRO,14,144900
5,1,PRO,15,103395
5,1,PRO,16,88620
5,1,PRO,17,144103
5,1,PRO,18,84032
5,1,PRO,19,83858
5,1,PRO,20,43465
5,1,PRO,21,704358
5,1,PRO,22,81437
5,1,PRO,23,247733
5,1,PRO,24,19943
5,1,PROVINCIAL,1,14019
5,1,PROVINCIAL,2,89256
5,1,PROVINCIAL,3,1958
5,1,PROVINCIAL,4,46125
5,1,PROVINCIAL,5,3341
5,1,PROVINCIAL,6,4587
5,1,PROVINCIAL,7,2669
5,1,PROVINCIAL,8,7444
5,1,PROVINCIAL,9,614
5,1,PROVINCIAL,10,1877
5,1,PROVINCIAL,11,3703
5,1,PROVINCIAL,12,6598
5,1,PROVINCIAL,13,47856
5,1,PROVINCIAL,14,2320
5,1,PROVINCIAL,15,6752
5,1,PROVINCIAL,16,5635
5,1,PROVINCIAL,17,5426
5,1,PROVINCIAL,18,14043
5,1,PROVINCIAL,19,99658
5,1,PROVINCIAL,20,766
5,1,PROVINCIAL,21,29924
5,1,PROVINCIAL,22,2580
5,1,PROVINCIAL,23,8567
5,1,PROVINCIAL,24,1484
5,2,,3,24777
5,2,,4,84249
5,2,,5,34456
5,2,,7,72612
5,2,,11,45833
5,2,,13,56316
5,2,,21,165852
5,2,,23,111255
5,2,IZQUIERDA,4,109519
5,2,IZQUIERDA,13,102167
5,2,IZQUIERDA,21,66434
5,2,IZQUIERDA,23,22251
5,2,MASSA,5,80858
5,2,MASSA,21,394401
5,2,OTROS,3,15878
5,2,OTROS,4,109744
5,2,OTROS,7,8048
5,2,OTROS,11,93737
5,2,OTROS,13,177342
5,2,OTROS,23,93378
5,2,PERON,3,83387
5,2,PERON,4,383185
5,2,PERON,5,298846
5,2,PERON,7,98598
5,2,PERON,11,79505
5,2,PERON,13,320484
5,2,PERON,21,609705
5,2,PERON,23,414977
5,2,PRO,4,1056107
5,2,PRO,5,183712
5,2,PRO,7,44321
5,2,PRO,13,450595
5,2,PRO,21,563806
5,2,PRO,23,293822
5,2,PROVINCIAL,4,443311
5,2,PROVINCIAL,7,79329
5,2,PROVINCIAL,21,23850
5,2,SOCIALISTA,3,65028
5,2,SOCIALISTA,21,245888
5,3,,1,55815
5,3,,2,804038
5,3,,3,24921
5,3,,4,83242
5,3,,5,38339
5,3,,6,26664
5,3,,7,73002
5,3,,8,120226
5,3,,9,26421
5,3,,10,70859
5,3,,11,46895
5,3,,12,26170
5,3,,13,59213
5,3,,14,102431
5,3,,15,51671
5,3,,16,124406
5,3,,17,23586
5,3,,18,48064
5,3,,19,51039
5,3,,20,30136
5,3,,21,196235
5,3,,22,39095
5,3,,23,142834
5,3,,24,17108
5,3,IZQUIERDA,1,106310
5,3,IZQUIERDA,2,389846
5,3,IZQUIERDA,4,119243
5,3,IZQUIERDA,10,17174
5,3,IZQUIERDA,13,123225
5,3,IZQUIERDA,15,27898
5,3,IZQUIERDA,20,6619
5,3,IZQUIERDA,21,71909
5,3,IZQUIERDA,23,25391
5,3,MASSA,1,277722
5,3,MASSA,2,1812554
5,3,MASSA,5,85390
5,3,MASSA,6,89698
5,3,MASSA,8,110641
5,3,MASSA,17,178795
5,3,MASSA,21,410829
5,3,MASSA,22,98645
5,3,OTROS,1,231237
5,3,OTROS,2,307615
5,3,OTROS,3,15651
5,3,OTROS,4,111753
5,3,OTROS,6,23934
5,3,OTROS,7,7998
5,3,OTROS,11,92791
5,3,OTROS,12,12559
5,3,OTROS,13,178664
5,3,OTROS,14,73185
5,3,OTROS,15,72006
5,3,OTROS,16,18186
5,3,OTROS,17,42255
5,3,OTROS,18,106212
5,3,OTROS,23,93084
5,3,OTROS,24,44867
5,3,PERON,1,433309
5,3,PERON,2,3212919
5,3,PERON,3,82873
5,3,PERON,4,379752
5,3,PERON,5,289019
5,3,PERON,6,332663
5,3,PERON,7,98137
5,3,PERON,8,281808
5,3,PERON,9,164493
5,3,PERON,10,117650
5,3,PERON,11,79508
5,3,PERON,12,71812
5,3,PERON,13,313442
5,3,PERON,14,374782
5,3,PERON,15,96471
5,3,PERON,16,160498
5,3,PERON,17,262906
5,3,PERON,18,206115
5,3,PERON,19,31503
5,3,PERON,20,68129
5,3,PERON,21,589395
5,3,PERON,22,337155
5,3,PERON,23,404652
5,3,PERON,24,32463
5,3,PRO,1,885603
5,3,PRO,2,2928287
5,3,PRO,4,1048332
5,3,PRO,5,181424
5,3,PRO,6,173307
5,3,PRO,7,43899
5,3,PRO,8,273885
5,3,PRO,9,68465
5,3,PRO,10,179457
5,3,PRO,12,88911
5,3,PRO,13,431793
5,3,PRO,14,70107
5,3,PRO,15,84908
5,3,PRO,16,84448
5,3,PRO,17,152000
5,3,PRO,18,57606
5,3,PRO,19,52920
5,3,PRO,20,72615
5,3,PRO,21,570217
5,3,PRO,22,77931
5,3,PRO,23,264389
5,3,PROVINCIAL,4,443545
5,3,PROVINCIAL,7,79663
5,3,PROVINCIAL,15,54633
5,3,PROVINCIAL,19,146187
5,3,PROVINCIAL,21,24055
5,3,SOCIALISTA,3,65511
5,3,SOCIALISTA,16,14844
5,3,SOCIALISTA,21,205421
5,3,UCR,14,49605
5,4,,2,793437
5,4,,3,15815
5,4,,7,44553
5,4,,8,86670
5,4,,10,31446
5,4,,14,68285
5,4,,18,29952
5,4,,19,50655
5,4,,20,12413
5,4,IZQUIERDA,2,329432
5,4,IZQUIERDA,10,1014
5,4,IZQUIERDA,18,1905
5,4,IZQUIERDA,20,645
5,4,MASSA,2,1693151
5,4,OTROS,2,209021
5,4,OTROS,3,15762
5,4,OTROS,7,8184
5,4,OTROS,8,108996
5,4,OTROS,10,20305
5,4,OTROS,14,87056
5,4,OTROS,18,134194
5,4,OTROS,19,2063
5,4,OTROS,20,3621
5,4,PERON,2,3098900
5,4,PERON,3,89888
5,4,PERON,7,107406
5,4,PERON,8,297378
5,4,PERON,10,126014
5,4,PERON,18,213244
5,4,PERON,19,31593
5,4,PERON,20,84433
5,4,PRO,2,3478505
5,4,PRO,7,39177
5,4,PRO,8,277992
5,4,PRO,10,206344
5,4,PRO,14,80951
5,4,PRO,18,48560
5,4,PRO,19,67654
5,4,PRO,20,74990
5,4,PROVINCIAL,7,109076
5,4,PROVINCIAL,14,379874
5,4,PROVINCIAL,19,129842
5,4,SOCIALISTA,3,74865
5,4,SOCIALISTA,8,18082
5,4,SOCIALISTA,14,51151
5,5,,2,490858
5,5,,3,16584
5,5,,8,100699
5,5,,18,40525
5,5,,19,32770
5,5,IZQUIERDA,2,195067
5,5,IZQUIERDA,8,2315
5,5,IZQUIERDA,18,1884
5,5,MASSA,2,786210
5,5,OTROS,2,146279
5,5,OTROS,3,11992
5,5,OTROS,8,102166
5,5,OTROS,18,130250
5,5,OTROS,19,23282
5,5,PERON,2,1647206
5,5,PERON,3,62333
5,5,PERON,8,290096
5,5,PERON,18,199415
5,5,PERON,19,23700
5,5,PRO,2,1453097
5,5,PRO,8,277760
5,5,PRO,18,51657
5,5,PRO,19,38521
5,5,PROVINCIAL,19,66415
5,5,SOCIALISTA,3,53476
5,5,SOCIALISTA,8,14353
5,6,,2,484918
5,6,,3,21934
5,6,,7,62679
5,6,,8,104564
5,6,,10,67791
5,6,,14,77907
5,6,,18,41596
5,6,,19,17892
5,6,,20,36043
5,6,IZQUIERDA,2,172420
5,6,IZQUIERDA,10,1202
5,6,IZQUIERDA,18,1325
5,6,IZQUIERDA,20,864
5,6,MASSA,2,929051
5,6,OTROS,2,141928
5,6,OTROS,3,15498
5,6,OTROS,7,8232
5,6,OTROS,8,101067
5,6,OTROS,10,131924
5,6,OTROS,14,85922
5,6,OTROS,18,139595
5,6,OTROS,19,20387
5,6,OTROS,20,6064
5,6,PERON,2,1494910
5,6,PERON,3,84158
5,6,PERON,7,101210
5,6,PERON,8,288558
5,6,PERON,10,83446
5,6,PERON,18,186420
5,6,PERON,19,10543
5,6,PERON,20,71024
5,6,PRO,2,1653856
5,6,PRO,7,41547
5,6,PRO,8,274501
5,6,PRO,14,78214
5,6,PRO,18,54563
5,6,PRO,19,23998
5,6,PRO,20,63278
5,6,PROVINCIAL,7,91339
5,6,PROVINCIAL,14,373543
5,6,PROVINCIAL,19,37465
5,6,SOCIALISTA,3,69980
5,6,SOCIALISTA,8,17874
5,6,SOCIALISTA,14,50778
5,6,UCR,10,96813
5,8,,1,76369
5,8,,2,708678
5,8,,3,21413
5,8,,4,91934
5,8,,5,27349
5,8,,6,20234
5,8,,7,68367
5,8,,8,83900
5,8,,9,15373
5,8,,10,75246
5,8,,11,36695
5,8,,12,17657
5,8,,13,57910
5,8,,14,93419
5,8,,15,58836
5,8,,16,33502
5,8,,17,22133
5,8,,18,43993
5,8,,19,44026
5,8,,20,32325
5,8,,21,228070
5,8,,22,18131
5,8,,23,80516
5,8,,24,16675
5,8,IZQUIERDA,1,105697
5,8,IZQUIERDA,2,370531
5,8,IZQUIERDA,3,3155
5,8,IZQUIERDA,4,97018
5,8,IZQUIERDA,5,7184
5,8,IZQUIERDA,6,10075
5,8,IZQUIERDA,7,9323
5,8,IZQUIERDA,8,13210
5,8,IZQUIERDA,9,2459
5,8,IZQUIERDA,10,11579
5,8,IZQUIERDA,11,4968
5,8,IZQUIERDA,12,3462
5,8,IZQUIERDA,13,96370
5,8,IZQUIERDA,14,5272
5,8,IZQUIERDA,15,21802
5,8,IZQUIERDA,16,16798
5,8,IZQUIERDA,17,24795
5,8,IZQUIERDA,18,5680
5,8,IZQUIERDA,19,4888
5,8,IZQUIERDA,20,5305
5,8,IZQUIERDA,21,61962
5,8,IZQUIERDA,22,8668
5,8,IZQUIERDA,23,19068
5,8,IZQUIERDA,24,3833
5,8,MASSA,1,282334
5,8,MASSA,2,1814770
5,8,MASSA,3,17585
5,8,MASSA,4,437437
5,8,MASSA,5,81994
5,8,MASSA,6,90717
5,8,MASSA,7,64097
5,8,MASSA,8,116678
5,8,MASSA,9,42631
5,8,MASSA,10,126944
5,8,MASSA,11,26893
5,8,MASSA,12,46359
5,8,MASSA,13,138515
5,8,MASSA,14,56353
5,8,MASSA,15,85198
5,8,MASSA,16,89707
5,8,MASSA,17,202617
5,8,MASSA,18,96352
5,8,MASSA,19,25134
5,8,MASSA,20,21934
5,8,MASSA,21,428980
5,8,MASSA,22,102481
5,8,MASSA,23,158269
5,8,MASSA,24,17229
5,8,OTROS,1,142394
5,8,OTROS,2,285901
5,8,OTROS,3,2027
5,8,OTROS,4,57362
5,8,OTROS,5,6524
5,8,OTROS,6,7280
5,8,OTROS,7,7316
5,8,OTROS,8,15604
5,8,OTROS,9,1019
5,8,OTROS,10,2651
5,8,OTROS,11,4583
5,8,OTROS,12,2063
5,8,OTROS,13,15246
5,8,OTROS,14,7977
5,8,OTROS,15,10547
5,8,OTROS,16,12871
5,8,OTROS,17,8320
5,8,OTROS,18,6917
5,8,OTROS,19,3350
5,8,OTROS,20,1651
5,8,OTROS,21,87371
5,8,OTROS,22,5429
5,8,OTROS,23,13987
5,8,OTROS,24,2966
5,8,PERON,1,451528
5,8,PERON,2,3264932
5,8,PERON,3,82550
5,8,PERON,4,390092
5,8,PERON,5,296926
5,8,PERON,6,337348
5,8,PERON,7,105690
5,8,PERON,8,281155
5,8,PERON,9,166286
5,8,PERON,10,106664
5,8,PERON,11,77903
5,8,PERON,12,70051
5,8,PERON,13,324885
5,8,PERON,14,383198
5,8,PERON,15,114046
5,8,PERON,16,166216
5,8,PERON,17,265496
5,8,PERON,18,187287
5,8,PERON,19,34203
5,8,PERON,20,68493
5,8,PERON,21,610382
5,8,PERON,22,343070
5,8,PERON,23,425970
5,8,PERON,24,35869
5,8,PRO,1,918406
5,8,PRO,2,2943951
5,8,PRO,3,62647
5,8,PRO,4,1065390
5,8,PRO,5,185795
5,8,PRO,6,176105
5,8,PRO,7,48563
5,8,PRO,8,274408
5,8,PRO,9,40097
5,8,PRO,10,58463
5,8,PRO,11,65323
5,8,PRO,12,55829
5,8,PRO,13,429238
5,8,PRO,14,123533
5,8,PRO,15,90624
5,8,PRO,16,83496
5,8,PRO,17,137921
5,8,PRO,18,68924
5,8,PRO,19,60418
5,8,PRO,20,46832
5,8,PRO,21,625295
5,8,PRO,22,78826
5,8,PRO,23,235524
5,8,PRO,24,16505
5,8,PROVINCIAL,1,14400
5,8,PROVINCIAL,2,84086
5,8,PROVINCIAL,3,1876
5,8,PROVINCIAL,4,46872
5,8,PROVINCIAL,5,3374
5,8,PROVINCIAL,6,4557
5,8,PROVINCIAL,7,2442
5,8,PROVINCIAL,8,6971
5,8,PROVINCIAL,9,570
5,8,PROVINCIAL,10,1861
5,8,PROVINCIAL,11,3287
5,8,PROVINCIAL,12,6134
5,8,PROVINCIAL,13,44507
5,8,PROVINCIAL,14,2163
5,8,PROVINCIAL,15,6382
5,8,PROVINCIAL,16,5581
5,8,PROVINCIAL,17,5569
5,8,PROVINCIAL,18,13545
5,8,PROVINCIAL,19,111044
5,8,PROVINCIAL,20,592
5,8,PROVINCIAL,21,25561
5,8,PROVINCIAL,22,2576
5,8,PROVINCIAL,23,8124
5,8,PROVINCIAL,24,1352
5,9,,1,76970
5,9,,2,938936
5,9,,3,35755
5,9,,4,107456
5,9,,5,41486
5,9,,6,29482
5,9,,7,75050
5,9,,8,128856
5,9,,9,28461
5,9,,10,65232
5,9,,11,49978
5,9,,12,29995
5,9,,13,82003
5,9,,14,116544
5,9,,15,58212
5,9,,16,127549
5,9,,17,28393
5,9,,18,58790
5,9,,19,69593
5,9,,20,42585
5,9,,21,237506
5,9,,22,40948
5,9,,23,156560
5,9,,24,18545
5,9,IZQUIERDA,1,107131
5,9,IZQUIERDA,2,369505
5,9,IZQUIERDA,4,113342
5,9,IZQUIERDA,10,12003
5,9,IZQUIERDA,13,113507
5,9,IZQUIERDA,15,27734
5,9,IZQUIERDA,20,6047
5,9,IZQUIERDA,21,72543
5,9,IZQUIERDA,23,23718
5,9,MASSA,1,279367
5,9,MASSA,2,1763664
5,9,MASSA,5,79993
5,9,MASSA,6,88618
5,9,MASSA,8,106276
5,9,MASSA,17,171034
5,9,MASSA,21,396206
5,9,MASSA,22,97648
5,9,OTROS,1,210239
5,9,OTROS,2,276963
5,9,OTROS,4,109051
5,9,OTROS,6,24534
5,9,OTROS,7,7263
5,9,OTROS,11,90117
5,9,OTROS,12,11939
5,9,OTROS,13,177677
5,9,OTROS,14,70892
5,9,OTROS,15,71282
5,9,OTROS,16,18164
5,9,OTROS,17,45374
5,9,OTROS,18,98997
5,9,OTROS,23,92641
5,9,OTROS,24,43772
5,9,PERON,1,432800
5,9,PERON,2,3166113
5,9,PERON,3,82077
5,9,PERON,4,379989
5,9,PERON,5,287493
5,9,PERON,6,328233
5,9,PERON,7,97914
5,9,PERON,8,279599
5,9,PERON,9,163112
5,9,PERON,10,114318
5,9,PERON,11,78701
5,9,PERON,12,68658
5,9,PERON,13,301460
5,9,PERON,14,362779
5,9,PERON,15,95593
5,9,PERON,16,158444
5,9,PERON,17,258377
5,9,PERON,18,200174
5,9,PERON,19,31986
5,9,PERON,20,65620
5,9,PERON,21,585738
5,9,PERON,22,337123
5,9,PERON,23,395489
5,9,PERON,24,32090
5,9,PRO,1,882630
5,9,PRO,2,2934788
5,9,PRO,4,1035920
5,9,PRO,5,180911
5,9,PRO,6,171631
5,9,PRO,7,42492
5,9,PRO,8,270300
5,9,PRO,9,67302
5,9,PRO,10,193456
5,9,PRO,12,87809
5,9,PRO,13,427535
5,9,PRO,14,69189
5,9,PRO,15,82449
5,9,PRO,16,83243
5,9,PRO,17,143007
5,9,PRO,18,56371
5,9,PRO,19,57822
5,9,PRO,20,63005
5,9,PRO,21,558884
5,9,PRO,22,76253
5,9,PRO,23,257823
5,9,PROVINCIAL,4,438152
5,9,PROVINCIAL,7,79494
5,9,PROVINCIAL,15,51481
5,9,PROVINCIAL,19,119726
5,9,PROVINCIAL,21,24516
5,9,SOCIALISTA,3,64382
5,9,SOCIALISTA,16,14431
5,9,SOCIALISTA,21,190182
5,9,UCR,14,48641
5,10,,2,862403
5,10,,20,33706
5,10,IZQUIERDA,2,314507
5,10,IZQUIERDA,20,251
5,10,MASSA,2,1687857
5,10,OTROS,2,540395
5,10,OTROS,20,4636
5,10,PERON,2,3201912
5,10,PERON,20,70771
5,10,PRO,2,2974064
5,10,PRO,20,64437
5,10,PROVINCIAL,2,8130
6,1,,1,49319
6,1,,2,490995
6,1,,3,11017
6,1,,4,60447
6,1,,5,18490
6,1,,6,17761
6,1,,7,58102
6,1,,8,84540
6,1,,9,9752
6,1,,10,16854
6,1,,11,10552
6,1,,12,9523
6,1,,13,58628
6,1,,14,33205
6,1,,15,49098
6,1,,16,17762
6,1,,17,19289
6,1,,18,26519
6,1,,19,25204
6,1,,20,7643
6,1,,21,133479
6,1,,22,12316
6,1,,23,41182
6,1,,24,5875
6,1,IZQUIERDA,1,101952
6,1,IZQUIERDA,2,362826
6,1,IZQUIERDA,3,2689
6,1,IZQUIERDA,4,88352
6,1,IZQUIERDA,5,9238
6,1,IZQUIERDA,6,16380
6,1,IZQUIERDA,7,9713
6,1,IZQUIERDA,8,18107
6,1,IZQUIERDA,9,6800
6,1,IZQUIERDA,10,18173
6,1,IZQUIERDA,11,5640
6,1,IZQUIERDA,12,3539
6,1,IZQUIERDA,13,95691
6,1,IZQUIERDA,14,14845
6,1,IZQUIERDA,15,25360
6,1,IZQUIERDA,16,16010
6,1,IZQUIERDA,17,24893
6,1,IZQUIERDA,18,4672
6,1,IZQUIERDA,19,4930
6,1,IZQUIERDA,20,9102
6,1,IZQUIERDA,21,49601
6,1,IZQUIERDA,22,8653
6,1,IZQUIERDA,23,24501
6,1,IZQUIERDA,24,3770
6,1,MASSA,1,241410
6,1,MASSA,2,1696229
6,1,MASSA,3,19618
6,1,MASSA,4,740321
6,1,MASSA,5,91962
6,1,MASSA,6,75498
6,1,MASSA,7,43498
6,1,MASSA,8,125091
6,1,MASSA,9,51203
6,1,MASSA,10,99064
6,1,MASSA,11,31766
6,1,MASSA,12,40741
6,1,MASSA,13,133496
6,1,MASSA,14,90288
6,1,MASSA,15,69608
6,1,MASSA,16,75823
6,1,MASSA,17,170377
6,1,MASSA,18,85578
6,1,MASSA,19,14609
6,1,MASSA,20,33946
6,1,MASSA,21,367804
6,1,MASSA,22,69130
6,1,MASSA,23,140451
6,1,MASSA,24,17986
6,1,OTROS,1,137928
6,1,OTROS,2,431318
6,1,OTROS,3,3036
6,1,OTROS,4,67510
6,1,OTROS,5,11547
6,1,OTROS,6,18753
6,1,OTROS,7,11581
6,1,OTROS,8,30663
6,1,OTROS,9,8261
6,1,OTROS,10,9263
6,1,OTROS,11,7582
6,1,OTROS,12,2856
6,1,OTROS,13,25283
6,1,OTROS,14,16714
6,1,OTROS,15,16484
6,1,OTROS,16,17028
6,1,OTROS,17,14996
6,1,OTROS,18,8466
6,1,OTROS,19,5109
6,1,OTROS,20,4316
6,1,OTROS,21,118671
6,1,OTROS,22,9459
6,1,OTROS,23,22395
6,1,OTROS,24,3352
6,1,PERON,1,419325
6,1,PERON,2,3235947
6,1,PERON,3,80173
6,1,PERON,4,279711
6,1,PERON,5,287266
6,1,PERON,6,325645
6,1,PERON,7,108162
6,1,PERON,8,278357
6,1,PERON,9,175774
6,1,PERON,10,153246
6,1,PERON,11,79444
6,1,PERON,12,68131
6,1,PERON,13,331518
6,1,PERON,14,352515
6,1,PERON,15,114396
6,1,PERON,16,157688
6,1,PERON,17,263552
6,1,PERON,18,212422
6,1,PERON,19,45816
6,1,PERON,20,72565
6,1,PERON,21,547529
6,1,PERON,22,300798
6,1,PERON,23,493625
6,1,PERON,24,41144
6,1,PRO,1,881902
6,1,PRO,2,2375617
6,1,PRO,3,48940
6,1,PRO,4,675208
6,1,PRO,5,168539
6,1,PRO,6,155598
6,1,PRO,7,52845
6,1,PRO,8,246201
6,1,PRO,9,48780
6,1,PRO,10,85224
6,1,PRO,11,70608
6,1,PRO,12,45561
6,1,PRO,13,360505
6,1,PRO,14,135593
6,1,PRO,15,87491
6,1,PRO,16,80245
6,1,PRO,17,124423
6,1,PRO,18,63766
6,1,PRO,19,57972
6,1,PRO,20,41834
6,1,PRO,21,530429
6,1,PRO,22,65169
6,1,PRO,23,173943
6,1,PRO,24,19521
6,1,PROVINCIAL,1,21339
6,1,PROVINCIAL,2,93207
6,1,PROVINCIAL,3,955
6,1,PROVINCIAL,4,57253
6,1,PROVINCIAL,5,3185
6,1,PROVINCIAL,6,4012
6,1,PROVINCIAL,7,2787
6,1,PROVINCIAL,8,7145
6,1,PROVINCIAL,9,1457
6,1,PROVINCIAL,10,2707
6,1,PROVINCIAL,11,4374
6,1,PROVINCIAL,12,7078
6,1,PROVINCIAL,13,51947
6,1,PROVINCIAL,14,3749
6,1,PROVINCIAL,15,7751
6,1,PROVINCIAL,16,6639
6,1,PROVINCIAL,17,3537
6,1,PROVINCIAL,18,14996
6,1,PROVINCIAL,19,105576
6,1,PROVINCIAL,20,1860
6,1,PROVINCIAL,21,47679
6,1,PROVINCIAL,22,2336
6,1,PROVINCIAL,23,9007
6,1,PROVINCIAL,24,1728
6,2,,3,16062
6,2,,4,135639
6,2,,5,26312
6,2,,7,55237
6,2,,11,18517
6,2,,13,106429
6,2,,21,197041
6,2,,23,71014
6,2,IZQUIERDA,3,576
6,2,IZQUIERDA,4,103949
6,2,IZQUIERDA,5,1571
6,2,IZQUIERDA,7,2805
6,2,IZQUIERDA,11,2466
6,2,IZQUIERDA,13,91128
6,2,IZQUIERDA,21,45911
6,2,IZQUIERDA,23,21852
6,2,MASSA,5,81243
6,2,MASSA,11,20350
6,2,MASSA,21,293245
6,2,OTROS,3,11079
6,2,OTROS,4,105931
6,2,OTROS,5,9474
6,2,OTROS,7,11365
6,2,OTROS,11,4956
6,2,OTROS,13,155596
6,2,OTROS,21,18686
6,2,OTROS,23,73543
6,2,PERON,3,75991
6,2,PERON,4,269886
6,2,PERON,5,277661
6,2,PERON,7,87589
6,2,PERON,11,89892
6,2,PERON,13,315014
6,2,PERON,21,546058
6,2,PERON,23,448231
6,2,PRO,4,600725
6,2,PRO,5,169051
6,2,PRO,7,36215
6,2,PRO,11,72782
6,2,PRO,13,362888
6,2,PRO,21,439925
6,2,PRO,23,212913
6,2,PROVINCIAL,4,699583
6,2,PROVINCIAL,7,65904
6,2,PROVINCIAL,21,39134
6,2,SOCIALISTA,3,44884
6,2,SOCIALISTA,21,209133
6,3,,1,64039
6,3,,2,944325
6,3,,3,16348
6,3,,4,120327
6,3,,5,28023
6,3,,6,43634
6,3,,7,55922
6,3,,8,159939
6,3,,9,27173
6,3,,10,39845
6,3,,11,20323
6,3,,12,29351
6,3,,13,74074
6,3,,14,64335
6,3,,15,75757
6,3,,16,113254
6,3,,17,19450
6,3,,18,36194
6,3,,19,39248
6,3,,20,21182
6,3,,21,212060
6,3,,22,28471
6,3,,23,82637
6,3,,24,21349
6,3,IZQUIERDA,1,92869
6,3,IZQUIERDA,2,353370
6,3,IZQUIERDA,3,679
6,3,IZQUIERDA,4,105913
6,3,IZQUIERDA,5,1636
6,3,IZQUIERDA,7,2671
6,3,IZQUIERDA,8,6472
6,3,IZQUIERDA,10,25494
6,3,IZQUIERDA,11,2567
6,3,IZQUIERDA,12,3762
6,3,IZQUIERDA,13,93667
6,3,IZQUIERDA,15,28444
6,3,IZQUIERDA,16,4475
6,3,IZQUIERDA,17,3517
6,3,IZQUIERDA,18,2774
6,3,IZQUIERDA,19,771
6,3,IZQUIERDA,20,11372
6,3,IZQUIERDA,21,47640
6,3,IZQUIERDA,22,5977
6,3,IZQUIERDA,23,22483
6,3,MASSA,1,219541
6,3,MASSA,2,1502882
6,3,MASSA,5,85568
6,3,MASSA,6,50742
6,3,MASSA,8,80444
6,3,MASSA,11,20446
6,3,MASSA,15,32618
6,3,MASSA,17,139791
6,3,MASSA,21,304355
6,3,MASSA,22,60561
6,3,OTROS,1,196425
6,3,OTROS,2,434381
6,3,OTROS,3,10984
6,3,OTROS,4,103869
6,3,OTROS,5,9483
6,3,OTROS,6,42319
6,3,OTROS,7,11333
6,3,OTROS,8,6988
6,3,OTROS,9,8011
6,3,OTROS,10,7008
6,3,OTROS,11,5020
6,3,OTROS,12,9840
6,3,OTROS,13,156531
6,3,OTROS,14,140024
6,3,OTROS,15,11214
6,3,OTROS,16,6296
6,3,OTROS,17,44022
6,3,OTROS,18,92306
6,3,OTROS,19,6139
6,3,OTROS,21,18832
6,3,OTROS,22,3722
6,3,OTROS,23,71700
6,3,OTROS,24,36655
6,3,PERON,1,398543
6,3,PERON,2,3045140
6,3,PERON,3,74518
6,3,PERON,4,268557
6,3,PERON,5,268235
6,3,PERON,6,299590
6,3,PERON,7,86332
6,3,PERON,8,253112
6,3,PERON,9,170492
6,3,PERON,10,132656
6,3,PERON,11,89277
6,3,PERON,12,70615
6,3,PERON,13,313257
6,3,PERON,14,296037
6,3,PERON,15,91837
6,3,PERON,16,138467
6,3,PERON,17,250580
6,3,PERON,18,226756
6,3,PERON,19,35860
6,3,PERON,20,65841
6,3,PERON,21,528290
6,3,PERON,23,436428
6,3,PERON,24,33321
6,3,PRO,1,850396
6,3,PRO,2,2219521
6,3,PRO,4,620971
6,3,PRO,5,167699
6,3,PRO,6,138080
6,3,PRO,7,31854
6,3,PRO,8,207149
6,3,PRO,9,82256
6,3,PRO,10,168456
6,3,PRO,11,71173
6,3,PRO,12,56571
6,3,PRO,13,402212
6,3,PRO,14,71340
6,3,PRO,15,59139
6,3,PRO,16,72404
6,3,PRO,17,132116
6,3,PRO,18,42739
6,3,PRO,19,39497
6,3,PRO,20,70768
6,3,PRO,21,439779
6,3,PRO,22,61835
6,3,PRO,23,200658
6,3,PROVINCIAL,1,19881
6,3,PROVINCIAL,2,78893
6,3,PROVINCIAL,4,697945
6,3,PROVINCIAL,7,65775
6,3,PROVINCIAL,15,63270
6,3,PROVINCIAL,19,131100
6,3,PROVINCIAL,21,38994
6,3,SOCIALISTA,3,44414
6,3,SOCIALISTA,8,11984
6,3,SOCIALISTA,14,6787
6,3,SOCIALISTA,16,8390
6,3,SOCIALISTA,21,196846
6,3,SOCIALISTA,22,280430
6,3,UCR,14,56111
6,4,,2,994535
6,4,,3,10881
6,4,,7,43280
6,4,,8,142480
6,4,,18,29490
6,4,,19,38468
6,4,IZQUIERDA,2,363656
6,4,IZQUIERDA,3,437
6,4,IZQUIERDA,7,3281
6,4,IZQUIERDA,8,7380
6,4,IZQUIERDA,18,1529
6,4,MASSA,2,1503783
6,4,OTROS,2,381915
6,4,OTROS,3,13455
6,4,OTROS,7,9707
6,4,OTROS,8,102279
6,4,OTROS,18,106474
6,4,OTROS,19,5551
6,4,PERON,2,3103063
6,4,PERON,3,81052
6,4,PERON,7,99519
6,4,PERON,8,279267
6,4,PERON,18,231076
6,4,PERON,19,35802
6,4,PRO,2,2263430
6,4,PRO,7,38459
6,4,PRO,8,225518
6,4,PRO,18,39246
6,4,PRO,19,55887
6,4,PROVINCIAL,2,76339
6,4,PROVINCIAL,7,95668
6,4,PROVINCIAL,19,114094
6,4,SOCIALISTA,3,60851
6,4,SOCIALISTA,8,15594
6,5,,2,599242
6,5,,3,10556
6,5,,8,147392
6,5,,18,38583
6,5,,19,33678
6,5,IZQUIERDA,2,196298
6,5,IZQUIERDA,3,56
6,5,IZQUIERDA,8,7265
6,5,IZQUIERDA,18,1115
6,5,MASSA,2,667238
6,5,OTROS,2,211117
6,5,OTROS,3,9124
6,5,OTROS,8,88414
6,5,OTROS,18,104121
6,5,OTROS,19,6573
6,5,PERON,2,1574161
6,5,PERON,3,49440
6,5,PERON,8,290045
6,5,PERON,18,207160
6,5,PERON,19,27333
6,5,PRO,2,1020930
6,5,PRO,8,222063
6,5,PRO,18,41785
6,5,PRO,19,28356
6,5,PROVINCIAL,2,41751
6,5,PROVINCIAL,19,69578
6,5,SOCIALISTA,3,37205
6,5,SOCIALISTA,8,14141
6,6,,2,566642
6,6,,3,14034
6,6,,7,52122
6,6,,8,160059
6,6,,18,37678
6,6,,19,14488
6,6,IZQUIERDA,2,172421
6,6,IZQUIERDA,3,515
6,6,IZQUIERDA,7,3321
6,6,IZQUIERDA,8,7582
6,6,IZQUIERDA,18,1288
6,6,MASSA,2,786290
6,6,OTROS,2,198089
6,6,OTROS,3,13503
6,6,OTROS,7,11254
6,6,OTROS,8,87036
6,6,OTROS,18,98028
6,6,OTROS,19,8067
6,6,PERON,2,1359953
6,6,PERON,3,76874
6,6,PERON,7,94003
6,6,PERON,8,272838
6,6,PERON,18,215233
6,6,PERON,19,13576
6,6,PRO,2,1184709
6,6,PRO,7,41620
6,6,PRO,8,212773
6,6,PRO,18,39864
6,6,PRO,19,20338
6,6,PROVINCIAL,2,38902
6,6,PROVINCIAL,7,80109
6,6,PROVINCIAL,19,39430
6,6,SOCIALISTA,3,53762
6,6,SOCIALISTA,8,14146
6,8,,1,95098
6,8,,2,1005067
6,8,,3,16984
6,8,,4,122869
6,8,,5,26077
6,8,,6,26147
6,8,,7,74122
6,8,,8,133074
6,8,,9,18079
6,8,,10,47822
6,8,,11,21285
6,8,,12,21322
6,8,,13,105016
6,8,,14,71720
6,8,,15,72187
6,8,,16,30252
6,8,,17,24200
6,8,,18,41515
6,8,,19,44857
6,8,,20,18005
6,8,,21,251061
6,8,,22,19704
6,8,,23,65306
6,8,,24,16518
6,8,IZQUIERDA,1,100030
6,8,IZQUIERDA,2,359298
6,8,IZQUIERDA,3,2585
6,8,IZQUIERDA,4,96070
6,8,IZQUIERDA,5,9096
6,8,IZQUIERDA,6,16118
6,8,IZQUIERDA,7,9385
6,8,IZQUIERDA,8,17737
6,8,IZQUIERDA,9,6760
6,8,IZQUIERDA,10,20798
6,8,IZQUIERDA,11,5532
6,8,IZQUIERDA,12,3556
6,8,IZQUIERDA,13,93932
6,8,IZQUIERDA,14,14548
6,8,IZQUIERDA,15,24776
6,8,IZQUIERDA,16,16019
6,8,IZQUIERDA,17,27640
6,8,IZQUIERDA,18,4362
6,8,IZQUIERDA,19,4401
6,8,IZQUIERDA,20,9660
6,8,IZQUIERDA,21,50165
6,8,IZQUIERDA,22,8770
6,8,IZQUIERDA,23,24193
6,8,IZQUIERDA,24,3682
6,8,MASSA,1,223500
6,8,MASSA,2,1495379
6,8,MASSA,3,10732
6,8,MASSA,4,658553
6,8,MASSA,5,78109
6,8,MASSA,6,61890
6,8,MASSA,7,32575
6,8,MASSA,8,91307
6,8,MASSA,9,43822
6,8,MASSA,10,82630
6,8,MASSA,11,23946
6,8,MASSA,12,32931
6,8,MASSA,13,107392
6,8,MASSA,14,57465
6,8,MASSA,15,57776
6,8,MASSA,16,65698
6,8,MASSA,17,142554
6,8,MASSA,18,68583
6,8,MASSA,19,10593
6,8,MASSA,20,26288
6,8,MASSA,21,305183
6,8,MASSA,22,62434
6,8,MASSA,23,110993
6,8,MASSA,24,14001
6,8,OTROS,1,129470
6,8,OTROS,2,397626
6,8,OTROS,3,2691
6,8,OTROS,4,67984
6,8,OTROS,5,11098
6,8,OTROS,6,18386
6,8,OTROS,7,9829
6,8,OTROS,8,28592
6,8,OTROS,9,8295
6,8,OTROS,10,9408
6,8,OTROS,11,6871
6,8,OTROS,12,3088
6,8,OTROS,13,23611
6,8,OTROS,14,16522
6,8,OTROS,15,15732
6,8,OTROS,16,16769
6,8,OTROS,17,14894
6,8,OTROS,18,7592
6,8,OTROS,19,4834
6,8,OTROS,20,3849
6,8,OTROS,21,111812
6,8,OTROS,22,9628
6,8,OTROS,23,22186
6,8,OTROS,24,3067
6,8,PERON,1,414693
6,8,PERON,2,3093538
6,8,PERON,3,74713
6,8,PERON,4,274544
6,8,PERON,5,275204
6,8,PERON,6,319002
6,8,PERON,7,98266
6,8,PERON,8,267593
6,8,PERON,9,171616
6,8,PERON,10,126017
6,8,PERON,11,80844
6,8,PERON,12,65576
6,8,PERON,13,321377
6,8,PERON,14,342581
6,8,PERON,15,104394
6,8,PERON,16,149970
6,8,PERON,17,245151
6,8,PERON,18,204085
6,8,PERON,19,38135
6,8,PERON,20,68492
6,8,PERON,21,537922
6,8,PERON,22,291863
6,8,PERON,23,469201
6,8,PERON,24,36376
6,8,PRO,1,847702
6,8,PRO,2,2105093
6,8,PRO,3,35195
6,8,PRO,4,623002
6,8,PRO,5,157137
6,8,PRO,6,125841
6,8,PRO,7,40196
6,8,PRO,8,208231
6,8,PRO,9,41627
6,8,PRO,10,80831
6,8,PRO,11,64922
6,8,PRO,12,38030
6,8,PRO,13,335620
6,8,PRO,14,122216
6,8,PRO,15,71697
6,8,PRO,16,69444
6,8,PRO,17,114855
6,8,PRO,18,47671
6,8,PRO,19,43075
6,8,PRO,20,42132
6,8,PRO,21,483181
6,8,PRO,22,57210
6,8,PRO,23,149942
6,8,PRO,24,15802
6,8,PROVINCIAL,1,19645
6,8,PROVINCIAL,2,81095
6,8,PROVINCIAL,3,806
6,8,PROVINCIAL,4,55598
6,8,PROVINCIAL,5,2982
6,8,PROVINCIAL,6,3857
6,8,PROVINCIAL,7,2456
6,8,PROVINCIAL,8,6660
6,8,PROVINCIAL,9,1372
6,8,PROVINCIAL,10,2473
6,8,PROVINCIAL,11,3955
6,8,PROVINCIAL,12,6237
6,8,PROVINCIAL,13,46622
6,8,PROVINCIAL,14,3876
6,8,PROVINCIAL,15,7021
6,8,PROVINCIAL,16,6295
6,8,PROVINCIAL,17,3310
6,8,PROVINCIAL,18,12855
6,8,PROVINCIAL,19,102417
6,8,PROVINCIAL,20,1731
6,8,PROVINCIAL,21,42848
6,8,PROVINCIAL,22,2222
6,8,PROVINCIAL,23,7985
6,8,PROVINCIAL,24,1542
6,9,,1,88088
6,9,,2,1054458
6,9,,3,20286
6,9,,4,131089
6,9,,5,29848
6,9,,6,45122
6,9,,7,57762
6,9,,8,165418
6,9,,9,28576
6,9,,10,40603
6,9,,11,23031
6,9,,12,33448
6,9,,13,99865
6,9,,14,72033
6,9,,15,78882
6,9,,16,117508
6,9,,17,24330
6,9,,18,43782
6,9,,19,54477
6,9,,20,26772
6,9,,21,244356
6,9,,22,29285
6,9,,23,91617
6,9,,24,22550
6,9,IZQUIERDA,1,94907
6,9,IZQUIERDA,2,345347
6,9,IZQUIERDA,3,412
6,9,IZQUIERDA,4,103186
6,9,IZQUIERDA,5,1619
6,9,IZQUIERDA,7,2541
6,9,IZQUIERDA,8,6184
6,9,IZQUIERDA,10,21618
6,9,IZQUIERDA,11,2659
6,9,IZQUIERDA,12,3607
6,9,IZQUIERDA,13,91289
6,9,IZQUIERDA,15,28116
6,9,IZQUIERDA,16,4471
6,9,IZQUIERDA,17,3403
6,9,IZQUIERDA,18,2707
6,9,IZQUIERDA,19,759
6,9,IZQUIERDA,20,10546
6,9,IZQUIERDA,21,47842
6,9,IZQUIERDA,22,5863
6,9,IZQUIERDA,23,22068
6,9,MASSA,1,218143
6,9,MASSA,2,1456586
6,9,MASSA,5,81220
6,9,MASSA,6,50072
6,9,MASSA,8,76357
6,9,MASSA,11,20208
6,9,MASSA,15,32186
6,9,MASSA,17,134338
6,9,MASSA,21,293654
6,9,MASSA,22,59819
6,9,OTROS,1,171610
6,9,OTROS,2,415081
6,9,OTROS,3,2795
6,9,OTROS,4,102084
6,9,OTROS,5,9233
6,9,OTROS,6,42603
6,9,OTROS,7,10890
6,9,OTROS,8,6738
6,9,OTROS,9,7854
6,9,OTROS,10,6444
6,9,OTROS,11,4974
6,9,OTROS,12,9492
6,9,OTROS,13,151619
6,9,OTROS,14,137451
6,9,OTROS,15,11016
6,9,OTROS,16,6173
6,9,OTROS,17,45249
6,9,OTROS,18,89931
6,9,OTROS,19,6026
6,9,OTROS,21,19038
6,9,OTROS,22,3747
6,9,OTROS,23,70160
6,9,OTROS,24,35044
6,9,PERON,1,395481
6,9,PERON,2,2991231
6,9,PERON,3,72925
6,9,PERON,4,268301
6,9,PERON,5,267521
6,9,PERON,6,297606
6,9,PERON,7,84291
6,9,PERON,8,248920
6,9,PERON,9,168953
6,9,PERON,10,130559
6,9,PERON,11,87883
6,9,PERON,12,65835
6,9,PERON,13,304481
6,9,PERON,14,289226
6,9,PERON,15,92900
6,9,PERON,16,136847
6,9,PERON,17,245838
6,9,PERON,18,211736
6,9,PERON,19,36307
6,9,PERON,20,63639
6,9,PERON,21,525539
6,9,PERON,23,428039
6,9,PERON,24,33042
6,9,PRO,1,848120
6,9,PRO,2,2183682
6,9,PRO,4,614535
6,9,PRO,5,167547
6,9,PRO,6,137024
6,9,PRO,7,35044
6,9,PRO,8,199969
6,9,PRO,9,80260
6,9,PRO,10,167457
6,9,PRO,11,69727
6,9,PRO,12,55766
6,9,PRO,13,384451
6,9,PRO,14,70725
6,9,PRO,15,57351
6,9,PRO,16,70855
6,9,PRO,17,121488
6,9,PRO,18,41171
6,9,PRO,19,43110
6,9,PRO,20,68148
6,9,PRO,21,431862
6,9,PRO,22,59811
6,9,PRO,23,193955
6,9,PROVINCIAL,1,20108
6,9,PROVINCIAL,2,76313
6,9,PROVINCIAL,4,694866
6,9,PROVINCIAL,7,65033
6,9,PROVINCIAL,15,60446
6,9,PROVINCIAL,19,103238
6,9,PROVINCIAL,21,38920
6,9,SOCIALISTA,3,42155
6,9,SOCIALISTA,8,11424
6,9,SOCIALISTA,14,6773
6,9,SOCIALISTA,16,5580
6,9,SOCIALISTA,21,183346
6,9,SOCIALISTA,22,278415
6,9,UCR,14,55254
6,10,,2,913318
6,10,IZQUIERDA,2,326524
6,10,MASSA,2,1447228
6,10,OTROS,2,582940
6,10,PERON,2,3119662
6,10,PRO,2,2249608
6,10,PROVINCIAL,2,76951
7,2,,2,17191
7,2,,9,0
7,2,,10,98
7,2,,12,0
7,2,,14,0
7,2,,18,0
7,2,,19,1055
7,2,,20,0
7,3,,1,0
7,3,,2,17191
7,3,,3,0
7,3,,4,0
7,3,,5,0
7,3,,6,0
7,3,,7,996
7,3,,8,0
7,3,,9,0
7,3,,10,98
7,3,,11,0
7,3,,12,0
7,3,,13,1563
7,3,,14,0
7,3,,15,0
7,3,,16,0
7,3,,17,0
7,3,,18,0
7,3,,19,1055
7,3,,20,0
7,3,,21,0
7,3,,22,0
7,3,,23,0
7,3,,24,0
7,5,,2,7706
7,5,,3,0
7,5,,13,1563
7,5,,19,655
7,6,,1,0
7,6,,2,9485
7,6,,3,0
7,6,,10,98
7,6,,13,1563
7,6,,19,405
8,2,,2,288501
8,2,,9,16516
8,2,,10,54162
8,2,,12,12601
8,2,,14,62947
8,2,,18,17634
8,2,,19,10540
8,2,,20,8736
8,2,IZQUIERDA,2,444953
8,2,IZQUIERDA,10,53437
8,2,IZQUIERDA,12,7495
8,2,IZQUIERDA,18,11400
8,2,IZQUIERDA,20,5138
8,2,MASSA,2,1061207
8,2,MASSA,10,29319
8,2,OTROS,9,3813
8,2,OTROS,10,4536
8,2,OTROS,12,4918
8,2,OTROS,14,151035
8,2,OTROS,18,42954
8,2,OTROS,19,4690
8,2,OTROS,20,34486
8,2,PERON,2,3988545
8,2,PERON,9,194947
8,2,PERON,10,67526
8,2,PERON,12,85247
8,2,PERON,18,225239
8,2,PERON,19,166462
8,2,PERON,20,53307
8,2,PRO,2,3878250
8,2,PRO,9,116192
8,2,PRO,10,171981
8,2,PRO,12,90250
8,2,PRO,14,209755
8,2,PRO,18,133602
8,2,PRO,19,129082
8,2,PRO,20,73520
8,2,PROVINCIAL,14,268530
8,3,,1,34618
8,3,,2,418786
8,3,,3,16692
8,3,,4,56719
8,3,,5,20146
8,3,,6,17511
8,3,,7,15899
8,3,,8,27943
8,3,,9,16115
8,3,,10,55758
8,3,,11,6277
8,3,,12,11262
8,3,,13,43926
8,3,,14,68080
8,3,,15,15765
8,3,,16,16897
8,3,,17,27847
8,3,,18,14432
8,3,,19,24262
8,3,,20,10228
8,3,,21,96824
8,3,,22,25602
8,3,,23,19316
8,3,,24,4657
8,3,IZQUIERDA,1,111160
8,3,IZQUIERDA,2,492627
8,3,IZQUIERDA,4,107791
8,3,IZQUIERDA,8,39122
8,3,IZQUIERDA,10,59350
8,3,IZQUIERDA,11,4264
8,3,IZQUIERDA,12,7493
8,3,IZQUIERDA,13,125148
8,3,IZQUIERDA,15,29685
8,3,IZQUIERDA,16,21735
8,3,IZQUIERDA,17,53118
8,3,IZQUIERDA,18,11440
8,3,IZQUIERDA,20,5112
8,3,IZQUIERDA,21,42902
8,3,IZQUIERDA,22,10239
8,3,IZQUIERDA,23,46609
8,3,MASSA,2,1019090
8,3,MASSA,5,85147
8,3,MASSA,10,29225
8,3,MASSA,22,50150
8,3,OTROS,1,411957
8,3,OTROS,3,20484
8,3,OTROS,4,320614
8,3,OTROS,5,23776
8,3,OTROS,6,50911
8,3,OTROS,7,35545
8,3,OTROS,9,4847
8,3,OTROS,10,4299
8,3,OTROS,11,15156
8,3,OTROS,12,13585
8,3,OTROS,13,183823
8,3,OTROS,14,147356
8,3,OTROS,15,87768
8,3,OTROS,16,42883
8,3,OTROS,17,195777
8,3,OTROS,18,50522
8,3,OTROS,19,5547
8,3,OTROS,20,34672
8,3,OTROS,21,381805
8,3,OTROS,22,8349
8,3,OTROS,23,154930
8,3,OTROS,24,65079
8,3,PERON,1,416225
8,3,PERON,2,3829743
8,3,PERON,3,94893
8,3,PERON,6,325087
8,3,PERON,7,172524
8,3,PERON,8,312738
8,3,PERON,9,195920
8,3,PERON,10,63814
8,3,PERON,11,96097
8,3,PERON,12,83385
8,3,PERON,13,271181
8,3,PERON,15,72777
8,3,PERON,16,189092
8,3,PERON,17,152774
8,3,PERON,18,224096
8,3,PERON,19,156998
8,3,PERON,20,52665
8,3,PERON,21,505033
8,3,PERON,23,459257
8,3,PRO,1,974886
8,3,PRO,2,3896150
8,3,PRO,3,82944
8,3,PRO,4,988363
8,3,PRO,5,462243
8,3,PRO,6,269616
8,3,PRO,7,94031
8,3,PRO,8,436133
8,3,PRO,9,114654
8,3,PRO,10,167543
8,3,PRO,11,95499
8,3,PRO,12,84539
8,3,PRO,13,487742
8,3,PRO,14,209906
8,3,PRO,15,105938
8,3,PRO,16,122460
8,3,PRO,17,208889
8,3,PRO,18,131641
8,3,PRO,19,122918
8,3,PRO,20,72446
8,3,PRO,21,737912
8,3,PRO,22,94088
8,3,PRO,23,319221
8,3,PRO,24,27530
8,3,PROVINCIAL,4,622321
8,3,PROVINCIAL,14,266148
8,3,PROVINCIAL,15,80732
8,3,PROVINCIAL,17,66978
8,3,PROVINCIAL,21,285788
8,3,PROVINCIAL,22,372323
8,3,SOCIALISTA,8,35357
8,3,SOCIALISTA,16,6854
8,5,,2,243964
8,5,,3,3321
8,5,,13,53577
8,5,,19,9883
8,5,IZQUIERDA,2,237782
8,5,IZQUIERDA,13,122136
8,5,MASSA,2,564491
8,5,OTROS,3,4446
8,5,OTROS,13,168858
8,5,OTROS,19,2734
8,5,PERON,2,1816583
8,5,PERON,3,29597
8,5,PERON,13,273338
8,5,PERON,19,54992
8,5,PRO,2,2098895
8,5,PRO,3,23474
8,5,PRO,13,491401
8,5,PRO,19,40998
8,6,,1,135838
8,6,,2,687705
8,6,,3,21723
8,6,,6,27228
8,6,,10,66235
8,6,,12,11283
8,6,,13,92966
8,6,,19,35043
8,6,IZQUIERDA,1,239016
8,6,IZQUIERDA,2,500034
8,6,IZQUIERDA,3,4947
8,6,IZQUIERDA,6,29062
8,6,IZQUIERDA,10,85636
8,6,IZQUIERDA,12,2881
8,6,IZQUIERDA,13,259847
8,6,MASSA,2,2071692
8,6,MASSA,10,5699
8,6,OTROS,1,1213861
8,6,OTROS,2,290289
8,6,OTROS,3,73804
8,6,OTROS,6,43147
8,6,OTROS,10,273615
8,6,OTROS,12,94021
8,6,OTROS,13,253417
8,6,OTROS,19,30721
8,6,PERON,1,721649
8,6,PERON,2,3695273
8,6,PERON,3,167717
8,6,PERON,6,340469
8,6,PERON,10,167474
8,6,PERON,12,8563
8,6,PERON,13,547432
8,6,PERON,19,118870
8,6,PRO,1,966339
8,6,PRO,2,1838979
8,6,PRO,3,82454
8,6,PRO,6,210001
8,6,PRO,10,151877
8,6,PRO,13,492170
8,6,PRO,19,75783
8,6,PROVINCIAL,2,489646
8,6,PROVINCIAL,10,1684
8,6,PROVINCIAL,13,39210
8,6,PROVINCIAL,19,85759
8,6,SOCIALISTA,3,75996
8,6,UCR,12,17216
8,6,UCR,13,467894
9,3,,1,0
9,3,,2,37626
9,3,,3,0
9,3,,4,0
9,3,,5,0
9,3,,6,0
9,3,,7,2161
9,3,,8,0
9,3,,9,0
9,3,,10,0
9,3,,11,0
9,3,,12,0
9,3,,13,3221
9,3,,14,0
9,3,,15,0
9,3,,16,0
9,3,,17,0
9,3,,18,0
9,3,,19,0
9,3,,20,0
9,3,,21,0
9,3,,22,0
9,3,,23,1127
9,3,,24,0
9,5,,2,20942
9,5,,3,0
9,5,,13,3221
9,6,,1,0
9,6,,2,16684
9,6,,3,0
9,6,,13,3221
10,2,,2,473346
10,2,,9,9501
10,2,,10,19299
10,2,,12,13988
10,2,,14,28948
10,2,,18,25558
10,2,,19,12147
10,2,,20,13460
10,2,IZQUIERDA,2,402492
10,2,IZQUIERDA,10,42342
10,2,IZQUIERDA,12,7830
10,2,IZQUIERDA,18,12504
10,2,IZQUIERDA,20,4191
10,2,MASSA,2,1405529
10,2,MASSA,10,49829
10,2,OTROS,2,220542
10,2,OTROS,9,17056
10,2,OTROS,10,19791
10,2,OTROS,12,16841
10,2,OTROS,14,172444
10,2,OTROS,18,57275
10,2,OTROS,19,8038
10,2,OTROS,20,31643
10,2,PERON,2,3629845
10,2,PERON,9,173296
10,2,PERON,10,114615
10,2,PERON,12,78748
10,2,PERON,18,198855
10,2,PERON,19,106358
10,2,PERON,20,47589
10,2,PRO,2,3089071
10,2,PRO,9,109250
10,2,PRO,10,136235
10,2,PRO,12,63626
10,2,PRO,14,181459
10,2,PRO,18,121754
10,2,PRO,19,159146
10,2,PRO,20,74225
10,2,PROVINCIAL,10,4589
10,2,PROVINCIAL,14,264224
10,2,SOCIALISTA,9,1860
10,3,,1,45529
10,3,,2,610968
10,3,,3,15344
10,3,,4,102039
10,3,,5,30704
10,3,,6,27357
10,3,,7,25622
10,3,,8,56098
10,3,,9,10087
10,3,,10,19761
10,3,,11,11288
10,3,,12,12133
10,3,,13,75929
10,3,,14,31414
10,3,,15,25610
10,3,,16,18700
10,3,,17,34481
10,3,,18,20480
10,3,,19,20887
10,3,,20,13828
10,3,,21,179624
10,3,,22,13736
10,3,,23,30462
10,3,,24,6588
10,3,IZQUIERDA,1,87482
10,3,IZQUIERDA,2,430881
10,3,IZQUIERDA,4,125563
10,3,IZQUIERDA,8,29882
10,3,IZQUIERDA,10,47048
10,3,IZQUIERDA,11,3788
10,3,IZQUIERDA,12,7808
10,3,IZQUIERDA,13,101022
10,3,IZQUIERDA,15,33458
10,3,IZQUIERDA,16,21995
10,3,IZQUIERDA,17,46127
10,3,IZQUIERDA,18,12507
10,3,IZQUIERDA,20,4167
10,3,IZQUIERDA,21,39250
10,3,IZQUIERDA,22,18677
10,3,IZQUIERDA,23,31018
10,3,MASSA,2,1334438
10,3,MASSA,5,67588
10,3,MASSA,10,48540
10,3,MASSA,22,58618
10,3,OTROS,1,453433
10,3,OTROS,2,266391
10,3,OTROS,3,19611
10,3,OTROS,4,353276
10,3,OTROS,5,32154
10,3,OTROS,6,56390
10,3,OTROS,7,34514
10,3,OTROS,9,16857
10,3,OTROS,10,19546
10,3,OTROS,11,16367
10,3,OTROS,12,27260
10,3,OTROS,13,129998
10,3,OTROS,14,171153
10,3,OTROS,15,91574
10,3,OTROS,16,46791
10,3,OTROS,17,260166
10,3,OTROS,18,64163
10,3,OTROS,19,9168
10,3,OTROS,20,31103
10,3,OTROS,21,471295
10,3,OTROS,22,12059
10,3,OTROS,23,114228
10,3,OTROS,24,71347
10,3,PERON,1,392083
10,3,PERON,2,3433688
10,3,PERON,3,85729
10,3,PERON,6,308557
10,3,PERON,7,174447
10,3,PERON,8,321153
10,3,PERON,9,173296
10,3,PERON,10,111888
10,3,PERON,11,74389
10,3,PERON,12,76953
10,3,PERON,13,351552
10,3,PERON,15,64336
10,3,PERON,16,149163
10,3,PERON,17,109026
10,3,PERON,18,197538
10,3,PERON,19,102570
10,3,PERON,20,47259
10,3,PERON,21,503999
10,3,PERON,23,484715
10,3,PRO,1,936704
10,3,PRO,2,3115837
10,3,PRO,3,66788
10,3,PRO,4,854147
10,3,PRO,5,470379
10,3,PRO,6,225754
10,3,PRO,7,75003
10,3,PRO,8,364376
10,3,PRO,9,108057
10,3,PRO,10,134342
10,3,PRO,11,95068
10,3,PRO,12,57292
10,3,PRO,13,433351
10,3,PRO,14,182401
10,3,PRO,15,89663
10,3,PRO,16,70426
10,3,PRO,17,151955
10,3,PRO,18,121088
10,3,PRO,19,150918
10,3,PRO,20,74532
10,3,PRO,21,505345
10,3,PRO,22,86513
10,3,PRO,23,285589
10,3,PRO,24,17535
10,3,PROVINCIAL,4,547880
10,3,PROVINCIAL,5,3878
10,3,PROVINCIAL,6,3432
10,3,PROVINCIAL,10,4511
10,3,PROVINCIAL,14,261251
10,3,PROVINCIAL,15,81409
10,3,PROVINCIAL,16,66279
10,3,PROVINCIAL,17,45560
10,3,PROVINCIAL,21,216270
10,3,PROVINCIAL,22,354924
10,3,SOCIALISTA,8,29650
10,3,SOCIALISTA,9,1854
10,3,SOCIALISTA,16,6381
10,5,,2,369069
10,5,,3,3211
10,5,,13,88428
10,5,IZQUIERDA,2,205587
10,5,IZQUIERDA,13,99664
10,5,MASSA,2,742836
10,5,OTROS,2,58851
10,5,OTROS,3,3597
10,5,OTROS,13,126317
10,5,PERON,2,1623559
10,5,PERON,3,30650
10,5,PERON,13,350733
10,5,PRO,2,1669861
10,5,PRO,3,16959
10,5,PRO,13,413456
10,5,SOCIALISTA,2,21597
10,6,,1,53049
10,6,,2,369328
10,6,,3,12661
10,6,,13,90994
10,6,IZQUIERDA,1,97894
10,6,IZQUIERDA,2,219227
10,6,IZQUIERDA,13,99204
10,6,MASSA,2,632369
10,6,OTROS,1,448659
10,6,OTROS,2,73072
10,6,OTROS,3,23036
10,6,OTROS,13,125596
10,6,PERON,1,383086
10,6,PERON,2,1826791
10,6,PERON,3,86257
10,6,PERON,13,347792
10,6,PRO,1,919779
10,6,PRO,2,1428116
10,6,PRO,3,65167
10,6,PRO,13,414047
10,6,SOCIALISTA,2,34621
11,1,,2,7132
11,1,,3,274
11,1,,5,422
11,1,,6,341
11,1,,7,237
11,1,,8,194
11,1,,9,322
11,1,,11,78
11,1,,13,167
11,1,,14,340
11,1,,16,432
11,1,,17,511
11,1,,19,29
11,1,,20,273
11,1,,21,1440
11,1,,22,351
11,1,,23,751
11,1,,24,43
11,2,,6,364
11,2,,8,194
11,2,,16,373
11,2,,22,186
11,3,,2,6925
11,3,,3,274
11,3,,5,422
11,3,,6,362
11,3,,7,304
11,3,,8,194
11,3,,9,289
11,3,,11,78
11,3,,13,206
11,3,,14,343
11,3,,16,373
11,3,,19,47
11,3,,20,264
11,3,,21,1422
11,3,,22,186
11,3,,23,686
11,4,,2,6821
11,4,,3,274
11,5,,2,3584
11,5,,3,183
11,6,,2,3241
11,6,,3,274
11,7,,2,6837
12,1,,1,45893
12,1,,2,222105
12,1,,3,13590
12,1,,4,67483
12,1,,5,9764
12,1,,6,11090
12,1,,7,13058
12,1,,8,14666
12,1,,9,5082
12,1,,10,8557
12,1,,11,3616
12,1,,12,44378
12,1,,13,23861
12,1,,14,18365
12,1,,15,19513
12,1,,16,18720
12,1,,17,13410
12,1,,18,8553
12,1,,19,7872
12,1,,20,7581
12,1,,21,43325
12,1,,22,9280
12,1,,23,17582
12,1,,24,3258
12,1,IZQUIERDA,1,58040
12,1,IZQUIERDA,2,260597
12,1,IZQUIERDA,3,3369
12,1,IZQUIERDA,4,37362
12,1,IZQUIERDA,5,5823
12,1,IZQUIERDA,6,6867
12,1,IZQUIERDA,7,12727
12,1,IZQUIERDA,8,14346
12,1,IZQUIERDA,9,3167
12,1,IZQUIERDA,10,9124
12,1,IZQUIERDA,11,4579
12,1,IZQUIERDA,12,1934
12,1,IZQUIERDA,13,26043
12,1,IZQUIERDA,14,6738
12,1,IZQUIERDA,15,14825
12,1,IZQUIERDA,16,10918
12,1,IZQUIERDA,17,13037
12,1,IZQUIERDA,18,6886
12,1,IZQUIERDA,19,7024
12,1,IZQUIERDA,20,6000
12,1,IZQUIERDA,21,31021
12,1,IZQUIERDA,22,5661
12,1,IZQUIERDA,23,12405
12,1,IZQUIERDA,24,2721
12,1,OTROS,1,179758
12,1,OTROS,2,891527
12,1,OTROS,3,17219
12,1,OTROS,4,174417
12,1,OTROS,5,35851
12,1,OTROS,6,55416
12,1,OTROS,7,45886
12,1,OTROS,8,82494
12,1,OTROS,9,19037
12,1,OTROS,10,45099
12,1,OTROS,11,22603
12,1,OTROS,12,12177
12,1,OTROS,13,111643
12,1,OTROS,14,52492
12,1,OTROS,15,44386
12,1,OTROS,16,47752
12,1,OTROS,17,108590
12,1,OTROS,18,46738
12,1,OTROS,19,33300
12,1,OTROS,20,15391
12,1,OTROS,21,264394
12,1,OTROS,22,33885
12,1,OTROS,23,71884
12,1,OTROS,24,14095
12,1,PERON,1,707158
12,1,PERON,2,5032267
12,1,PERON,3,124436
12,1,PERON,4,658434
12,1,PERON,5,301275
12,1,PERON,6,399263
12,1,PERON,7,167164
12,1,PERON,8,383961
12,1,PERON,9,225025
12,1,PERON,10,202220
12,1,PERON,11,111461
12,1,PERON,12,82526
12,1,PERON,13,429206
12,1,PERON,14,403864
12,1,PERON,15,188968
12,1,PERON,16,239979
12,1,PERON,17,354661
12,1,PERON,18,239808
12,1,PERON,19,126044
12,1,PERON,20,106572
12,1,PERON,21,909861
12,1,PERON,22,438357
12,1,PERON,23,584885
12,1,PERON,24,56314
12,1,PRO,1,1039750
12,1,PRO,2,3468667
12,1,PRO,3,74654
12,1,PRO,4,1378834
12,1,PRO,5,250610
12,1,PRO,6,255219
12,1,PRO,7,94685
12,1,PRO,8,385486
12,1,PRO,9,98201
12,1,PRO,10,181937
12,1,PRO,11,83918
12,1,PRO,12,76831
12,1,PRO,13,567443
12,1,PRO,14,238020
12,1,PRO,15,148087
12,1,PRO,16,119639
12,1,PRO,17,258037
12,1,PRO,18,158956
12,1,PRO,19,136639
12,1,PRO,20,50199
12,1,PRO,21,928289
12,1,PRO,22,107853
12,1,PRO,23,342980
12,1,PRO,24,25673
12,2,,1,77440
12,2,,6,30677
12,2,,8,47562
12,2,,15,42675
12,2,,16,108290
12,2,,17,30822
12,2,,22,28934
12,2,,24,13623
12,2,IZQUIERDA,1,82242
12,2,IZQUIERDA,8,18461
12,2,IZQUIERDA,15,18789
12,2,IZQUIERDA,16,13362
12,2,IZQUIERDA,17,22869
12,2,IZQUIERDA,24,2771
12,2,OTROS,1,151783
12,2,OTROS,6,47216
12,2,OTROS,15,17372
12,2,OTROS,17,104034
12,2,OTROS,22,18532
12,2,OTROS,24,29296
12,2,PERON,1,668435
12,2,PERON,6,393465
12,2,PERON,8,376576
12,2,PERON,15,132187
12,2,PERON,16,164151
12,2,PERON,17,311770
12,2,PERON,22,122598
12,2,PERON,24,36313
12,2,PRO,1,1050100
12,2,PRO,6,250983
12,2,PRO,8,378478
12,2,PRO,15,120268
12,2,PRO,17,239676
12,2,PRO,22,100940
12,2,PRO,24,19971
12,2,PROVINCIAL,15,82736
12,2,PROVINCIAL,16,147736
12,2,PROVINCIAL,22,318220
12,2,SOCIALISTA,8,55608
12,3,,1,71370
12,3,,2,615228
12,3,,3,23023
12,3,,4,114823
12,3,,5,19762
12,3,,6,31740
12,3,,7,40729
12,3,,8,48395
12,3,,9,18519
12,3,,10,37590
12,3,,11,10961
12,3,,12,80946
12,3,,13,57424
12,3,,14,68151
12,3,,15,47356
12,3,,16,68764
12,3,,17,32298
12,3,,18,24976
12,3,,19,26866
12,3,,20,32416
12,3,,21,85651
12,3,,22,31309
12,3,,23,56076
12,3,,24,16925
12,3,IZQUIERDA,1,119936
12,3,IZQUIERDA,2,331735
12,3,IZQUIERDA,4,55505
12,3,IZQUIERDA,7,14605
12,3,IZQUIERDA,8,19385
12,3,IZQUIERDA,10,17319
12,3,IZQUIERDA,11,5002
12,3,IZQUIERDA,12,1961
12,3,IZQUIERDA,13,31842
12,3,IZQUIERDA,15,20071
12,3,IZQUIERDA,16,14129
12,3,IZQUIERDA,17,25256
12,3,IZQUIERDA,19,8475
12,3,IZQUIERDA,20,6365
12,3,IZQUIERDA,21,44261
12,3,IZQUIERDA,23,21799
12,3,IZQUIERDA,24,3583
12,3,OTROS,1,172072
12,3,OTROS,2,556994
12,3,OTROS,3,9854
12,3,OTROS,4,151123
12,3,OTROS,5,28745
12,3,OTROS,6,47138
12,3,OTROS,7,26723
12,3,OTROS,9,11709
12,3,OTROS,10,28327
12,3,OTROS,13,73697
12,3,OTROS,15,17082
12,3,OTROS,17,101931
12,3,OTROS,18,29395
12,3,OTROS,19,17984
12,3,OTROS,20,6736
12,3,OTROS,21,257214
12,3,OTROS,22,18704
12,3,OTROS,23,98300
12,3,OTROS,24,28423
12,3,PERON,1,630778
12,3,PERON,2,4868198
12,3,PERON,3,125205
12,3,PERON,4,489735
12,3,PERON,5,285765
12,3,PERON,6,390945
12,3,PERON,7,153550
12,3,PERON,8,373949
12,3,PERON,9,219419
12,3,PERON,10,185142
12,3,PERON,11,110136
12,3,PERON,12,66981
12,3,PERON,13,417016
12,3,PERON,14,226889
12,3,PERON,15,133090
12,3,PERON,16,164500
12,3,PERON,17,309963
12,3,PERON,18,237034
12,3,PERON,19,123641
12,3,PERON,20,95117
12,3,PERON,21,880323
12,3,PERON,22,121414
12,3,PERON,23,532466
12,3,PERON,24,32959
12,3,PRO,1,1034764
12,3,PRO,2,3502550
12,3,PRO,3,69355
12,3,PRO,4,1126640
12,3,PRO,5,250578
12,3,PRO,6,251763
12,3,PRO,7,93255
12,3,PRO,8,378859
12,3,PRO,9,96110
12,3,PRO,10,176331
12,3,PRO,11,84146
12,3,PRO,12,56522
12,3,PRO,13,574247
12,3,PRO,14,217160
12,3,PRO,15,120007
12,3,PRO,16,68884
12,3,PRO,17,235481
12,3,PRO,18,166050
12,3,PRO,19,131811
12,3,PRO,20,44874
12,3,PRO,21,903989
12,3,PRO,22,100644
12,3,PRO,23,311680
12,3,PRO,24,20149
12,3,PROVINCIAL,4,372293
12,3,PROVINCIAL,12,2077
12,3,PROVINCIAL,14,185629
12,3,PROVINCIAL,15,75795
12,3,PROVINCIAL,16,116331
12,3,PROVINCIAL,22,314804
12,3,SOCIALISTA,8,55707
12,3,SOCIALISTA,11,14142
12,3,SOCIALISTA,14,18920
12,4,,1,100523
12,4,,2,463003
12,4,,3,21221
12,4,IZQUIERDA,1,70793
12,4,IZQUIERDA,2,270196
12,4,OTROS,1,104137
12,4,OTROS,2,625286
12,4,OTROS,3,12755
12,4,PERON,1,679411
12,4,PERON,2,5022109
12,4,PERON,3,125797
12,4,PRO,1,1082990
12,4,PRO,2,3687615
12,4,PRO,3,69695
12,5,,2,276773
12,5,,3,14803
12,5,IZQUIERDA,2,162361
12,5,IZQUIERDA,3,1795
12,5,OTROS,2,319234
12,5,OTROS,3,10030
12,5,PERON,2,2577038
12,5,PERON,3,84404
12,5,PRO,2,1631153
12,5,PRO,3,54740
12,6,,1,88801
12,6,,2,292860
12,6,,3,24444
12,6,IZQUIERDA,1,91177
12,6,IZQUIERDA,2,153494
12,6,OTROS,1,141096
12,6,OTROS,2,328995
12,6,OTROS,3,15148
12,6,PERON,1,660120
12,6,PERON,2,2364911
12,6,PERON,3,119481
12,6,PRO,1,1056714
12,6,PRO,2,1955276
12,6,PRO,3,68455
12,7,,2,617146
12,7,IZQUIERDA,2,266925
12,7,OTROS,2,743500
12,7,PERON,2,4812046
12,7,PRO,2,3615953
12,10,,1,107477
12,10,IZQUIERDA,1,91771
12,10,OTROS,1,123033
12,10,PERON,1,658547
12,10,PRO,1,1056811
13,1,,2,7556
13,1,,3,309
13,1,,4,261
13,1,,5,294
13,1,,6,469
13,1,,7,298
13,1,,8,225
13,1,,9,377
13,1,,10,897
13,1,,11,83
13,1,,12,194
13,1,,13,263
13,1,,14,595
13,1,,16,406
13,1,,17,307
13,1,,18,131
13,1,,19,55
13,1,,20,222
13,1,,21,1835
13,1,,22,629
13,1,,23,970
13,1,,24,51
13,2,,6,302
13,2,,8,215
13,2,,16,416
13,2,,17,179
13,2,,22,256
13,2,,24,0
13,3,,2,8167
13,3,,3,272
13,3,,4,226
13,3,,5,263
13,3,,6,307
13,3,,7,250
13,3,,8,218
13,3,,9,387
13,3,,10,696
13,3,,11,81
13,3,,12,193
13,3,,13,417
13,3,,14,493
13,3,,16,388
13,3,,17,181
13,3,,18,0
13,3,,19,67
13,3,,20,220
13,3,,21,1816
13,3,,22,249
13,3,,23,625
13,3,,24,0
13,4,,2,7618
13,4,,3,299
13,5,,2,4307
13,5,,3,179
13,6,,2,3822
13,6,,3,237
13,7,,2,8049
14,1,,1,82540
14,1,,2,374800
14,1,,3,15881
14,1,,4,119470
14,1,,5,16683
14,1,,6,43645
14,1,,7,25647
14,1,,8,25271
14,1,,9,5551
14,1,,10,17885
14,1,,11,4793
14,1,,12,8914
14,1,,13,34212
14,1,,14,29116
14,1,,15,39316
14,1,,16,29024
14,1,,17,22520
14,1,,18,13684
14,1,,19,10855
14,1,,20,34563
14,1,,21,75080
14,1,,22,17448
14,1,,23,26108
14,1,,24,5326
14,1,IZQUIERDA,1,97216
14,1,IZQUIERDA,2,391188
14,1,IZQUIERDA,3,3210
14,1,IZQUIERDA,4,72460
14,1,IZQUIERDA,5,9696
14,1,IZQUIERDA,6,9270
14,1,IZQUIERDA,7,13936
14,1,IZQUIERDA,8,23589
14,1,IZQUIERDA,9,3412
14,1,IZQUIERDA,10,12714
14,1,IZQUIERDA,11,7276
14,1,IZQUIERDA,12,5110
14,1,IZQUIERDA,13,51534
14,1,IZQUIERDA,14,11076
14,1,IZQUIERDA,15,21232
14,1,IZQUIERDA,16,15292
14,1,IZQUIERDA,17,20951
14,1,IZQUIERDA,18,8030
14,1,IZQUIERDA,19,10248
14,1,IZQUIERDA,20,5899
14,1,IZQUIERDA,21,49329
14,1,IZQUIERDA,22,7251
14,1,IZQUIERDA,23,17523
14,1,IZQUIERDA,24,3919
14,1,OTROS,1,269731
14,1,OTROS,2,1094716
14,1,OTROS,3,14836
14,1,OTROS,4,291437
14,1,OTROS,5,68177
14,1,OTROS,6,57349
14,1,OTROS,7,49021
14,1,OTROS,8,115126
14,1,OTROS,9,24977
14,1,OTROS,10,60079
14,1,OTROS,11,27946
14,1,OTROS,12,23058
14,1,OTROS,13,176593
14,1,OTROS,14,84243
14,1,OTROS,15,58223
14,1,OTROS,16,58873
14,1,OTROS,17,177737
14,1,OTROS,18,62584
14,1,OTROS,19,43601
14,1,OTROS,20,19936
14,1,OTROS,21,364443
14,1,OTROS,22,36425
14,1,OTROS,23,114380
14,1,OTROS,24,16767
14,1,PERON,1,637891
14,1,PERON,2,4661554
14,1,PERON,3,107870
14,1,PERON,4,629804
14,1,PERON,5,327999
14,1,PERON,6,309957
14,1,PERON,7,156896
14,1,PERON,8,368124
14,1,PERON,9,210732
14,1,PERON,10,158175
14,1,PERON,11,106741
14,1,PERON,12,95391
14,1,PERON,13,440783
14,1,PERON,14,368265
14,1,PERON,15,170824
14,1,PERON,16,218871
14,1,PERON,17,333898
14,1,PERON,18,233155
14,1,PERON,19,121974
14,1,PERON,20,80544
14,1,PERON,21,856320
14,1,PERON,22,413354
14,1,PERON,23,560587
14,1,PERON,24,52719
14,1,PRO,1,863169
14,1,PRO,2,2749946
14,1,PRO,3,48196
14,1,PRO,4,998318
14,1,PRO,5,205099
14,1,PRO,6,141379
14,1,PRO,7,70005
14,1,PRO,8,293477
14,1,PRO,9,77540
14,1,PRO,10,99892
14,1,PRO,11,68910
14,1,PRO,12,59832
14,1,PRO,13,406517
14,1,PRO,14,172424
14,1,PRO,15,105843
14,1,PRO,16,91031
14,1,PRO,17,141660
14,1,PRO,18,111971
14,1,PRO,19,94017
14,1,PRO,20,32939
14,1,PRO,21,663515
14,1,PRO,22,75691
14,1,PRO,23,234729
14,1,PRO,24,19108
14,2,,1,98239
14,2,,6,36664
14,2,,8,69897
14,2,,15,52335
14,2,,16,101686
14,2,,17,23895
14,2,,22,27958
14,2,,24,15827
14,2,IZQUIERDA,1,99542
14,2,IZQUIERDA,8,25101
14,2,IZQUIERDA,15,22996
14,2,IZQUIERDA,16,16351
14,2,IZQUIERDA,17,21563
14,2,IZQUIERDA,24,2635
14,2,OTROS,1,260921
14,2,OTROS,6,49585
14,2,OTROS,15,18991
14,2,OTROS,17,29171
14,2,OTROS,22,31006
14,2,OTROS,24,24790
14,2,PERON,1,611343
14,2,PERON,6,337366
14,2,PERON,8,359956
14,2,PERON,15,132112
14,2,PERON,16,169525
14,2,PERON,17,308073
14,2,PERON,22,108843
14,2,PERON,24,38334
14,2,PRO,1,878182
14,2,PRO,6,139194
14,2,PRO,8,296265
14,2,PRO,15,90598
14,2,PRO,17,258918
14,2,PRO,22,73196
14,2,PRO,24,15958
14,2,PROVINCIAL,15,77286
14,2,PROVINCIAL,16,113808
14,2,PROVINCIAL,22,306846
14,2,SOCIALISTA,8,69873
14,3,,1,102205
14,3,,2,801600
14,3,,3,18471
14,3,,4,156330
14,3,,5,32294
14,3,,6,39215
14,3,,7,49996
14,3,,8,71344
14,3,,9,19354
14,3,,10,44845
14,3,,11,13986
14,3,,12,22622
14,3,,13,97874
14,3,,14,89435
14,3,,15,55841
14,3,,16,75541
14,3,,17,24836
14,3,,18,22774
14,3,,19,30333
14,3,,20,59096
14,3,,21,102940
14,3,,22,31252
14,3,,23,81950
14,3,,24,19824
14,3,IZQUIERDA,1,108799
14,3,IZQUIERDA,2,337294
14,3,IZQUIERDA,3,2306
14,3,IZQUIERDA,4,78333
14,3,IZQUIERDA,7,11243
14,3,IZQUIERDA,8,25610
14,3,IZQUIERDA,10,16265
14,3,IZQUIERDA,11,7380
14,3,IZQUIERDA,12,5651
14,3,IZQUIERDA,13,47307
14,3,IZQUIERDA,15,23823
14,3,IZQUIERDA,16,16897
14,3,IZQUIERDA,17,23033
14,3,IZQUIERDA,18,6143
14,3,IZQUIERDA,19,10596
14,3,IZQUIERDA,20,5743
14,3,IZQUIERDA,21,54203
14,3,IZQUIERDA,23,19769
14,3,IZQUIERDA,24,3208
14,3,MASSA,2,8907
14,3,OTROS,1,267548
14,3,OTROS,2,770104
14,3,OTROS,3,12507
14,3,OTROS,4,217170
14,3,OTROS,5,45856
14,3,OTROS,6,49655
14,3,OTROS,7,58084
14,3,OTROS,9,14212
14,3,OTROS,10,31910
14,3,OTROS,12,142
14,3,OTROS,13,98529
14,3,OTROS,14,7939
14,3,OTROS,15,19152
14,3,OTROS,17,28487
14,3,OTROS,18,39545
14,3,OTROS,19,20649
14,3,OTROS,20,7784
14,3,OTROS,21,369931
14,3,OTROS,22,30629
14,3,OTROS,23,119500
14,3,OTROS,24,23467
14,3,PERON,1,599758
14,3,PERON,2,4478075
14,3,PERON,3,103891
14,3,PERON,4,473905
14,3,PERON,5,307014
14,3,PERON,6,331217
14,3,PERON,7,123155
14,3,PERON,8,356692
14,3,PERON,9,203289
14,3,PERON,10,157982
14,3,PERON,11,105915
14,3,PERON,12,93562
14,3,PERON,13,428630
14,3,PERON,14,228724
14,3,PERON,15,132648
14,3,PERON,16,168640
14,3,PERON,17,306401
14,3,PERON,18,228841
14,3,PERON,19,118941
14,3,PERON,20,71011
14,3,PERON,21,824834
14,3,PERON,22,107856
14,3,PERON,23,491705
14,3,PERON,24,36050
14,3,PRO,1,869710
14,3,PRO,2,2841073
14,3,PRO,3,45918
14,3,PRO,4,839166
14,3,PRO,5,210380
14,3,PRO,6,139290
14,3,PRO,7,67482
14,3,PRO,8,295603
14,3,PRO,9,81072
14,3,PRO,10,93914
14,3,PRO,11,69724
14,3,PRO,12,59803
14,3,PRO,13,419380
14,3,PRO,14,167056
14,3,PRO,15,88935
14,3,PRO,16,53560
14,3,PRO,17,254133
14,3,PRO,18,128798
14,3,PRO,19,95349
14,3,PRO,20,30228
14,3,PRO,21,646226
14,3,PRO,22,72020
14,3,PRO,23,223167
14,3,PRO,24,14992
14,3,PROVINCIAL,4,342038
14,3,PROVINCIAL,12,4702
14,3,PROVINCIAL,14,149062
14,3,PROVINCIAL,15,73088
14,3,PROVINCIAL,16,88633
14,3,PROVINCIAL,22,302318
14,3,SOCIALISTA,8,70113
14,3,SOCIALISTA,11,15819
14,3,SOCIALISTA,14,20996
14,4,,1,174461
14,4,,2,637856
14,4,,3,17702
14,4,IZQUIERDA,1,95019
14,4,IZQUIERDA,2,304821
14,4,IZQUIERDA,3,2426
14,4,OTROS,1,166148
14,4,OTROS,2,819388
14,4,OTROS,3,13444
14,4,PERON,1,616906
14,4,PERON,2,4615251
14,4,PERON,3,106277
14,4,PRO,1,898075
14,4,PRO,2,3046003
14,4,PRO,3,46557
14,5,,2,376692
14,5,,3,14032
14,5,IZQUIERDA,2,166733
14,5,IZQUIERDA,3,1974
14,5,MASSA,2,3531
14,5,OTROS,2,409921
14,5,OTROS,3,11090
14,5,PERON,2,2403549
14,5,PERON,3,81185
14,5,PRO,2,1326950
14,5,PRO,3,37573
14,6,,1,127273
14,6,,2,396290
14,6,,3,19515
14,6,IZQUIERDA,1,101239
14,6,IZQUIERDA,2,155459
14,6,IZQUIERDA,3,2429
14,6,MASSA,2,2723
14,6,OTROS,1,238486
14,6,OTROS,2,426511
14,6,OTROS,3,15240
14,6,PERON,1,607946
14,6,PERON,2,2138914
14,6,PERON,3,101050
14,6,PRO,1,879437
14,6,PRO,2,1602742
14,6,PRO,3,44808
14,7,,2,714476
14,7,IZQUIERDA,2,284313
14,7,MASSA,2,6427
14,7,OTROS,2,976034
14,7,PERON,2,4549489
14,7,PRO,2,2884541
14,10,,1,178266
14,10,IZQUIERDA,1,103332
14,10,OTROS,1,181728
14,10,PERON,1,607443
14,10,PRO,1,879742
15,2,,3,0
15,2,,4,0
15,2,,5,0
15,2,,7,93
15,2,,11,0
15,2,,13,985
15,2,,21,0
15,2,,23,0
15,3,,1,0
15,3,,2,5801
15,3,,3,0
15,3,,4,0
15,3,,5,0
15,3,,6,0
15,3,,7,93
15,3,,8,0
15,3,,9,79
15,3,,10,0
15,3,,11,0
15,3,,12,0
15,3,,13,1013
15,3,,14,0
15,3,,15,0
15,3,,16,0
15,3,,17,0
15,3,,18,0
15,3,,19,0
15,3,,20,0
15,3,,21,0
15,3,,22,0
15,3,,23,0
15,3,,24,0
15,5,,2,3565
15,5,,3,0
15,5,,13,907
15,6,,1,0
15,6,,2,3534
15,6,,3,0
15,6,,6,0
15,6,,13,895
15,7,,3,0
15,10,,2,7098
15,10,,3,0
15,10,,13,897
16,2,,3,15585
16,2,,4,97352
16,2,,5,23959
16,2,,7,30167
16,2,,11,13704
16,2,,13,134478
16,2,,21,177332
16,2,,23,41017
16,2,IZQUIERDA,3,5775
16,2,IZQUIERDA,4,85609
16,2,IZQUIERDA,7,25533
16,2,IZQUIERDA,11,13724
16,2,IZQUIERDA,13,49057
16,2,IZQUIERDA,21,34380
16,2,IZQUIERDA,23,19627
16,2,OTROS,3,13189
16,2,OTROS,4,178678
16,2,OTROS,5,15427
16,2,OTROS,7,56798
16,2,OTROS,13,135139
16,2,OTROS,21,388204
16,2,OTROS,23,117043
16,2,PERON,3,91736
16,2,PERON,4,198336
16,2,PERON,5,192747
16,2,PERON,7,73103
16,2,PERON,11,73163
16,2,PERON,13,249458
16,2,PERON,21,494576
16,2,PERON,23,472845
16,2,PRO,3,56310
16,2,PRO,4,869130
16,2,PRO,5,328947
16,2,PRO,7,108342
16,2,PRO,11,93589
16,2,PRO,13,425766
16,2,PRO,21,662344
16,2,PRO,23,342438
16,2,PROVINCIAL,4,444441
16,2,PROVINCIAL,5,10931
16,2,PROVINCIAL,13,31077
16,2,SOCIALISTA,11,5056
16,3,,1,56011
16,3,,2,511124
16,3,,3,15871
16,3,,4,96064
16,3,,5,23362
16,3,,6,43282
16,3,,7,30709
16,3,,8,49036
16,3,,9,9402
16,3,,10,20689
16,3,,11,13446
16,3,,12,11002
16,3,,13,134403
16,3,,14,31105
16,3,,15,33425
16,3,,16,32446
16,3,,17,61811
16,3,,18,22816
16,3,,19,17143
16,3,,20,13348
16,3,,21,176876
16,3,,22,18540
16,3,,23,39024
16,3,,24,11620
16,3,IZQUIERDA,1,113275
16,3,IZQUIERDA,2,503271
16,3,IZQUIERDA,3,5777
16,3,IZQUIERDA,4,86297
16,3,IZQUIERDA,7,25702
16,3,IZQUIERDA,8,40224
16,3,IZQUIERDA,10,81613
16,3,IZQUIERDA,11,13736
16,3,IZQUIERDA,12,11221
16,3,IZQUIERDA,13,49155
16,3,IZQUIERDA,15,33446
16,3,IZQUIERDA,16,28251
16,3,IZQUIERDA,17,33276
16,3,IZQUIERDA,18,25723
16,3,IZQUIERDA,19,7421
16,3,IZQUIERDA,20,14551
16,3,IZQUIERDA,21,34560
16,3,IZQUIERDA,23,20011
16,3,IZQUIERDA,24,1851
16,3,MASSA,22,49806
16,3,OTROS,1,336604
16,3,OTROS,2,1474830
16,3,OTROS,3,13201
16,3,OTROS,4,180410
16,3,OTROS,5,15535
16,3,OTROS,6,80996
16,3,OTROS,7,55788
16,3,OTROS,8,57842
16,3,OTROS,9,67678
16,3,OTROS,12,68089
16,3,OTROS,13,135327
16,3,OTROS,14,39134
16,3,OTROS,15,64612
16,3,OTROS,17,167304
16,3,OTROS,18,33585
16,3,OTROS,19,240097
16,3,OTROS,20,94015
16,3,OTROS,21,396381
16,3,OTROS,22,91582
16,3,OTROS,23,112779
16,3,OTROS,24,24088
16,3,PERON,1,430467
16,3,PERON,2,2789022
16,3,PERON,3,90555
16,3,PERON,4,198638
16,3,PERON,5,190966
16,3,PERON,6,199984
16,3,PERON,7,72123
16,3,PERON,8,227242
16,3,PERON,9,150154
16,3,PERON,10,99134
16,3,PERON,11,73328
16,3,PERON,12,91855
16,3,PERON,13,248614
16,3,PERON,14,107239
16,3,PERON,15,56747
16,3,PERON,16,88224
16,3,PERON,17,172550
16,3,PERON,18,160103
16,3,PERON,20,40111
16,3,PERON,21,482872
16,3,PERON,23,479786
16,3,PERON,24,30343
16,3,PRO,1,841205
16,3,PRO,2,3149989
16,3,PRO,3,54919
16,3,PRO,4,864380
16,3,PRO,5,329354
16,3,PRO,6,247466
16,3,PRO,7,107842
16,3,PRO,8,398655
16,3,PRO,9,90083
16,3,PRO,10,162490
16,3,PRO,11,93386
16,3,PRO,13,424671
16,3,PRO,14,243295
16,3,PRO,15,66687
16,3,PRO,16,95443
16,3,PRO,17,170156
16,3,PRO,18,142781
16,3,PRO,21,664917
16,3,PRO,22,81201
16,3,PRO,23,336567
16,3,PRO,24,33562
16,3,PROVINCIAL,4,446545
16,3,PROVINCIAL,5,10994
16,3,PROVINCIAL,13,30592
16,3,PROVINCIAL,14,197494
16,3,PROVINCIAL,15,130351
16,3,PROVINCIAL,16,122612
16,3,PROVINCIAL,22,289204
16,3,SOCIALISTA,8,27808
16,3,SOCIALISTA,11,5040
16,3,SOCIALISTA,15,8040
16,3,SOCIALISTA,16,9219
16,5,,2,359668
16,5,,3,4529
16,5,,13,103503
16,5,IZQUIERDA,2,240424
16,5,IZQUIERDA,3,60
16,5,IZQUIERDA,13,48930
16,5,OTROS,2,667516
16,5,OTROS,3,3597
16,5,OTROS,13,167065
16,5,PERON,2,1354588
16,5,PERON,3,31513
16,5,PERON,13,247299
16,5,PRO,2,1712232
16,5,PRO,3,13162
16,5,PRO,13,429799
16,5,PROVINCIAL,13,32546
16,6,,1,76443
16,6,,2,352090
16,6,,3,15659
16,6,,6,25836
16,6,,13,104530
16,6,IZQUIERDA,1,119640
16,6,IZQUIERDA,2,269107
16,6,IZQUIERDA,3,5837
16,6,IZQUIERDA,13,49053
16,6,OTROS,1,330920
16,6,OTROS,2,645001
16,6,OTROS,3,14642
16,6,OTROS,6,92298
16,6,OTROS,13,166992
16,6,PERON,1,448591
16,6,PERON,2,1526210
16,6,PERON,3,89542
16,6,PERON,6,212577
16,6,PERON,13,246825
16,6,PRO,1,864351
16,6,PRO,2,1449784
16,6,PRO,3,54299
16,6,PRO,6,248802
16,6,PRO,13,428472
16,6,PROVINCIAL,13,32520
16,7,,3,232
16,7,OTROS,3,2781
16,7,PERON,3,2687
16,7,PRO,3,228
16,10,,2,708973
16,10,,3,11244
16,10,,13,94721
16,10,IZQUIERDA,2,490637
16,10,IZQUIERDA,3,4640
16,10,IZQUIERDA,13,43680
16,10,OTROS,2,1367615
16,10,OTROS,3,17708
16,10,OTROS,13,175123
16,10,PERON,2,2885718
16,10,PERON,3,95896
16,10,PERON,13,258613
16,10,PRO,2,3119155
16,10,PRO,3,52020
16,10,PRO,13,427781
16,10,PROVINCIAL,13,33997
