año,eleccion_tag,cargo_nombre,agrupacion_nombre,lista_numero,votos_tipo,001013,001014,001015,001016,001017,001018,001019,001020,001021,01013A
2011,GRAL11n,Diputado Nacional,Alianza Frente para la Victoria,0,POSITIVO,8630.0,10994.0,2982.0,1068.0,8757.0,4130.0,147.0,32.0,4728.0,112.0
2011,GRAL11n,Presidente,Alianza Frente para la Victoria,0,POSITIVO,8942.0,11528.0,3065.0,1133.0,9141.0,4412.0,161.0,34.0,4982.0,125.0
2013,GRAL13n,Diputado Nacional,FRENTE PARA LA VICTORIA,0,POSITIVO,4386.0,5767.0,1479.0,521.0,4493.0,2020.0,72.0,15.0,2838.0,62.0
2013,GRAL13n,Diputado Nacional,FRENTE RENOVADOR,0,POSITIVO,7401.0,7678.0,2520.0,896.0,6274.0,3391.0,122.0,17.0,2813.0,56.0
2013,PASO13n,Diputado Nacional,FRENTE PARA LA VICTORIA,3323.0,POSITIVO,3980.0,5056.0,1336.0,455.0,4052.0,1940.0,57.0,9.0,2962.0,53.0
2013,PASO13n,Diputado Nacional,FRENTE RENOVADOR,3307.0,POSITIVO,5546.0,5478.0,1781.0,684.0,4179.0,2411.0,79.0,13.0,1817.0,44.0
2015,BLTG15n,Presidente,CAMBIEMOS,0,POSITIVO,9822.0,7519.0,3145.0,1132.0,5934.0,3407.0,161.0,15.0,2372.0,41.0
2015,BLTG15n,Presidente,FRENTE PARA LA VICTORIA,0,POSITIVO,7129.0,11050.0,2541.0,1102.0,8541.0,3844.0,132.0,25.0,5081.0,94.0
2015,GRAL15n,Diputado Nacional,ALIANZA FRENTE PARA LA VICTORIA,0,POSITIVO,5193.0,7236.0,1769.0,790.0,5879.0,2608.0,88.0,19.0,3852.0,70.0
2015,GRAL15n,Diputado Nacional,ALIANZA UNIDOS POR UNA NUEVA ALTERNATIVA (UNA),0,POSITIVO,3183.0,3822.0,1184.0,459.0,3303.0,1783.0,72.0,7.0,1044.0,23.0
2015,GRAL15n,Diputado Nacional,CAMBIEMOS BUENOS AIRES,0,POSITIVO,6326.0,3642.0,1901.0,663.0,3027.0,1741.0,101.0,9.0,1195.0,20.0
2015,GRAL15n,Presidente,ALIANZA CAMBIEMOS,0,POSITIVO,6617.0,3748.0,1984.0,682.0,3107.0,1840.0,101.0,10.0,1230.0,22.0
2015,GRAL15n,Presidente,ALIANZA FRENTE PARA LA VICTORIA,0,POSITIVO,5548.0,7729.0,1887.0,817.0,6584.0,2795.0,103.0,18.0,4158.0,82.0
2015,GRAL15n,Presidente,ALIANZA UNIDOS POR UNA NUEVA ALTERNATIVA (UNA),0,POSITIVO,3672.0,4522.0,1351.0,598.0,3853.0,2072.0,81.0,7.0,1295.0,27.0
2015,PASO15n,Diputado Nacional,ALIANZA CAMBIEMOS,3182.0,POSITIVO,4738.0,2512.0,1462.0,567.0,1994.0,1375.0,82.0,7.0,764.0,15.0
2015,PASO15n,Diputado Nacional,ALIANZA FRENTE PARA LA VICTORIA,3166.0,POSITIVO,4672.0,6505.0,1724.0,641.0,4987.0,2364.0,81.0,13.0,2829.0,65.0
2015,PASO15n,Diputado Nacional,ALIANZA UNIDOS POR UNA NUEVA ALTERNATIVA (UNA),3192.0,POSITIVO,2841.0,3330.0,988.0,394.0,2633.0,1566.0,72.0,10.0,810.0,18.0
2015,PASO15n,Presidente,ALIANZA CAMBIEMOS,3182.0,POSITIVO,4585.0,2841.0,1457.0,539.0,2035.0,1342.0,69.0,6.0,708.0,13.0
2015,PASO15n,Presidente,ALIANZA FRENTE PARA LA VICTORIA,3166.0,POSITIVO,5014.0,7241.0,1802.0,765.0,5572.0,2604.0,87.0,14.0,3083.0,71.0
2015,PASO15n,Presidente,ALIANZA UNIDOS POR UNA NUEVA ALTERNATIVA (UNA),3192.0,POSITIVO,2954.0,3609.0,999.0,408.0,2792.0,1603.0,77.0,9.0,753.0,16.0
2017,GRAL17n,Diputado Nacional,CAMBIEMOS BUENOS AIRES,0,POSITIVO,8168.0,6520.0,2637.0,1144.0,5082.0,2695.0,132.0,11.0,2181.0,32.0
2017,GRAL17n,Diputado Nacional,UNIDAD CIUDADANA,0,POSITIVO,4696.0,8246.0,1697.0,895.0,6364.0,2661.0,99.0,18.0,3719.0,63.0
2017,PASO17n,Diputado Nacional,CAMBIEMOS BUENOS AIRES,3173.0,POSITIVO,7091.0,4803.0,2170.0,940.0,3895.0,2177.0,110.0,9.0,1686.0,22.0
2017,PASO17n,Diputado Nacional,UNIDAD CIUDADANA,3304.0,POSITIVO,4352.0,7649.0,1609.0,859.0,6074.0,2570.0,103.0,15.0,3829.0,55.0
2019,GRAL19n,Diputado Nacional,FRENTE DE TODOS,0,POSITIVO,6334.0,10836.0,2621.0,1606.0,8874.0,3994.0,148.0,20.0,3955.0,80.0
2019,GRAL19n,Diputado Nacional,JUNTOS POR EL CAMBIO,0,POSITIVO,7122.0,5198.0,2361.0,1112.0,4140.0,2388.0,134.0,13.0,1381.0,27.0
2019,GRAL19n,Presidente,FRENTE DE TODOS,0,POSITIVO,6518.0,11178.0,2701.0,1677.0,9244.0,4083.0,146.0,22.0,4139.0,82.0
2019,GRAL19n,Presidente,JUNTOS POR EL CAMBIO,0,POSITIVO,7072.0,5198.0,2356.0,1108.0,4130.0,2363.0,135.0,13.0,1384.0,26.0
2019,PASO19n,Diputado Nacional,FRENTE DE TODOS,A,POSITIVO,6161.0,10526.0,2378.0,1371.0,8259.0,3469.0,131.0,19.0,4290.0,61.0
2019,PASO19n,Diputado Nacional,JUNTOS POR EL CAMBIO,A,POSITIVO,6361.0,4510.0,2091.0,885.0,3667.0,1759.0,118.0,15.0,1384.0,21.0
2019,PASO19n,Presidente,FRENTE DE TODOS,A,POSITIVO,6386.0,11172.0,2462.0,1531.0,8717.0,3597.0,135.0,20.0,4657.0,67.0
2019,PASO19n,Presidente,JUNTOS POR EL CAMBIO,A,POSITIVO,6205.0,4511.0,1990.0,954.0,3656.0,1756.0,115.0,14.0,1399.0,20.0
2021,PASO21n,Diputado Nacional,FRENTE DE TODOS,3.0,POSITIVO,3160.0,5377.0,1275.0,792.0,4100.0,1787.0,72.0,9.0,2373.0,24.0
2021,PASO21n,Diputado Nacional,JUNTOS,6.0,POSITIVO,4179.0,4056.0,1463.0,820.0,2949.0,1446.0,79.0,11.0,849.0,13.0
2023,PASO23n,Diputado Nacional,LA LIBERTAD AVANZA,3016.0,POSITIVO,2334.0,4316.0,1081.0,718.0,3228.0,1528.0,72.0,5.0,1474.0,
2023,PASO23n,Diputado Nacional,UNION POR LA PATRIA,3005,POSITIVO,3299.0,6035.0,1238.0,985.0,4530.0,2030.0,100.0,16.0,2471.0,
2023,PASO23n,Presidente,LA LIBERTAD AVANZA,3016.0,POSITIVO,2594.0,4913.0,1232.0,828.0,3768.0,1726.0,85.0,5.0,1768.0,
2023,PASO23n,Presidente,UNION POR LA PATRIA,3005,POSITIVO,2361.0,4584.0,944.0,677.0,3642.0,1500.0,66.0,10.0,1958.0,
