,,slope,slope,slope,,VOTOS,,,,,ESTIMADO ZARATE,,,
,,FpV,Pro,Massa,,Propato,Caffaro,Bullrich,Larreta,,Propato,Caffaro,Bullrich,Larreta
circuito_id,mesa_id,,,,,,,,,,,,,
1013,1,293.4,206.6,216.8,,,,,,,,,,
1013,2,379.5,143.1,240.4,,33,50,,,,12523.5,7155,,
1013,3,289.6,173.8,225,,,,,,,,,,
1013,4,300.3,206.6,258,,56,35,,,,16816.8,7231,,
1013,5,319,184.1,244.6,,65,44,,,,20735,8100.4,,
1013,6,276.1,181.3,207.4,,,,,,,,,,
1013,7,359.1,175.8,238.1,,30,40,,,,10773,7032,,
1013,8,354.2,170,274.8,,,,,,,,,,
1013,9,273.9,210.9,256.5,,,,,,,,,,
1013,10,287.5,191.4,226.3,,,,,,,,,,
1013,11,313.2,199.6,269.5,,,,,,,,,,
1013,12,311.2,195.3,245.7,,,,,,,,,,
1013,13,346,171.7,230.4,,,,,,,,,,
1013,14,346.1,168.2,261,,,,,,,,,,
1013,15,316.2,185.4,247.7,,,,,,,,,,
1013,16,337.9,169.8,238.2,,,,,,,,,,
1013,17,375.3,157.3,236.2,,,,,,,,,,
1013,18,371.6,171.3,228.1,,,,,,,,,,
1013,19,376,165.5,256.5,,,,,,,,,,
1013,20,324.4,183.1,243.8,,,,,,,,,,
1013,21,305.3,192.9,230.4,,45,35,,,,13738.5,6751.5,,
1013,22,315.1,180.1,227.2,,52,32,,,,16385.2,5763.2,,
1013,23,347.2,165,240.9,,,,,,,,,,
1013,24,326.8,164.9,247.6,,,,,,,,,,
1013,25,303.9,185.4,239.5,,,,,,,,,,
1013,26,292,200.9,229.7,,,,,,,,,,
1013,27,316,178.4,229.3,,,,,,,,,,
1013,28,344.5,162.2,250.6,,,,,,,,,,
1013,29,354.9,167.6,267.8,,,,,,,,,,
1013,30,336.8,163.8,251.7,,,,,,,,,,
1013,31,328.6,185.7,241.5,,50,38,,,,16430,7056.6,,
1013,32,322.8,198.5,237.1,,51,62,,,,16462.8,12307,,
1013,33,320.7,188.8,248.6,,,,,,,,,,
1013,34,287.2,211.9,229.1,,30,42,,,,8616,8899.8,,
1013,35,309.2,186.1,267.2,,,,,,,,,,
1013,36,316.4,211.5,245.9,,,,,,,,,,
1013,37,285.5,214.4,276,,,,,,,,,,
1013,38,318.5,212.1,240.1,,,,,,,,,,
1013,39,320.9,206.6,249.8,,39,47,,,,12515.1,9710.2,,
1013,40,315.1,188.1,226.5,,,,,,,,,,
1013,41,316,192.1,251.5,,51,43,,,,16116,8260.3,,
1013,42,341.3,169.1,231.7,,,,,,,,,,
1013,43,308.2,186,247.9,,,,,,,,,,
1013,44,342.5,175.1,256.8,,40,39,,,,13700,6828.9,,
1013,45,336.4,167.1,208.6,,40,51,,,,13456,8522.1,,
1013,46,316.2,187.7,222.4,,,,,,,,,,
1013,47,315.6,188.3,236,,40,41,,,,12624,7720.3,,
1013,48,319.7,192,220.7,,,,,,,,,,
1013,49,306,201.2,214.4,,,,,,,,,,
1013,50,297.4,180.7,268.8,,,,,,,,,,
1013,51,317.9,177.3,274.9,,44,42,,,,13987.6,7446.6,,
1013,52,337.9,181.1,240.2,,,,,,,,,,
1013,53,336.8,170.4,228.6,,29,20,,,,9767.2,3408,,
1013,54,379.6,170.4,250.1,,,,,,,,,,
1013,55,289.1,185.8,237.7,,,,,,,,,,
1013,56,353.4,171,249.5,,,,,,,,,,
1013,57,327.4,180.1,265.2,,,,,,,,,,
1013,58,406.5,180.3,258.4,,,,,,,,,,
1013,59,276.5,211.8,237,,,,,,,,,,
1013,60,306.8,165.4,264.2,,,,,,,,,,
1013,61,429.6,411.5,276.4,,,,,,,,,,
1013,62,460.2,424.4,481.3,,,,,,,,,,
1013,9001,607.1,689.2,681.6,,38,26,,,,23069.8,17919.2,,
1013,9002,613.7,629.4,661.4,,40,15,,,,24548,9441,,
1013,9003,466,475.3,610.3,,31,29,,,,14446,13783.7,,
1013,9004,650.5,641.7,569.8,,41,21,,,,26670.5,13475.7,,
1014,55,226.5,225.5,235.5,,,,,,,,,,
1014,56,279.4,305.9,308,,,,,,,,,,
1014,57,273.9,245.6,258.3,,,,,,,,,,
1014,58,286.3,320.5,308,,,,,,,,,,
1014,59,236.8,257.8,271.5,,,,,,,,,,
1014,60,233.6,314.7,250.3,,,,,,,,,,
1014,61,253.1,357.7,257.3,,,,,,,,,,
1014,62,228.8,428.5,222.3,,,,,,,,,,
1014,63,239.4,308.1,272.1,,,,,,,,,,
1014,64,230.5,313.3,246.3,,,,,,,,,,
1014,65,230.5,354.6,233.6,,,,,,,,,,
1014,66,212.1,314.6,269.2,,58,38,,,,12301.8,11954.8,,
1014,67,236.8,295.8,263.1,,,,,,,,,,
1014,68,217.8,294.1,250.1,,,,,,,,,,
1014,69,253.9,317.6,253,,64,56,,,,16249.6,17785.6,,
1014,70,252.3,281.7,244.6,,,,,,,,,,
1014,71,233.8,310.8,204.6,,,,,,,,,,
1014,72,251,267.5,230.4,,58,24,,,,14558,6420,,
1014,73,226.9,316.2,243.2,,55,33,,,,12479.5,10434.6,,
1014,74,243.9,300.8,223.1,,61,21,,,,14877.9,6316.8,,
1014,75,225.6,303.3,224.7,,65,33,,,,14664,10008.9,,
1014,76,237.6,281.7,233,,,,,,,,,,
1014,77,268.6,340.2,233.8,,65,39,,,,17459,13267.8,,
1014,78,249.5,295.3,231.8,,,,,,,,,,
1014,79,258,264.3,249.6,,67,47,,,,17286,12422.1,,
1014,80,248.2,306.4,234.6,,66,40,,,,16381.2,12256,,
1014,81,250.2,273.4,233.7,,,,,,,,,,
1014,82,261.5,248.6,257.7,,60,52,,,,15690,12927.2,,
1014,83,231.3,260.7,248.6,,,,,,,,,,
1014,84,242,320.5,230.6,,,,,,,,,,
1014,85,229.9,319.7,238.5,,77,38,,,,17702.3,12148.6,,
1014,86,239.3,359.8,219.5,,45,33,,,,10768.5,11873.4,,
1014,87,227.5,316.6,224,,,,,,,,,,
1014,88,250.2,280.8,221,,,,,,,,,,
1014,89,233,307.5,231.4,,,,,,,,,,
1014,90,205.4,338,260.2,,,,,,,,,,
1014,91,209.6,357.6,251.3,,57,38,,,,11947.2,13588.8,,
1014,92,239.5,306.3,240.1,,64,48,,,,15328,14702.4,,
1014,93,250.9,241.5,242.9,,57,34,,,,14301.3,8211,,
1014,94,261.7,260.7,242.9,,32,41,,,,8374.4,10688.7,,
1014,95,250,247.1,236.1,,62,39,,,,15500,9636.9,,
1014,96,274.1,256.5,230.8,,,,,,,,,,
1014,97,203.3,365.1,234.5,,,,,,,,,,
1014,98,232.4,297.9,235.6,,,,,,,,,,
1014,99,219.8,269.9,253,,19,53,,,,4176.2,14304.7,,
1014,100,217.6,316.7,229.7,,53,55,,,,11532.8,17418.5,,
1014,101,208.6,341.1,210.9,,69,48,,,,14393.4,16372.8,,
1014,102,226.8,286.5,209.7,,,,,,,,,,
1014,103,225,345.5,216.7,,,,,,,,,,
1014,104,225.2,320.1,232.2,,,,,,,,,,
1014,105,242.8,272.3,259.6,,,,,,,,,,
1014,106,256.3,267.1,232,,,,,,,,,,
1014,107,247.6,288,218.3,,49,44,,,,12132.4,12672,,
1014,108,226.1,303.9,206.7,,64,44,,,,14470.4,13371.6,,
1014,109,244.8,293.3,260.5,,,,,,,,,,
1014,110,241.3,300.5,272,,,,,,,,,,
1014,111,249.4,294.8,235.4,,71,35,,,,17707.4,10318,,
1014,112,237.5,323,266.7,,62,36,,,,14725,11628,,
1014,113,229.1,270.1,250.3,,,,,,,,,,
1014,114,227.4,294,245.5,,64,41,,,,14553.6,12054,,
1014,115,251.8,293.7,230.5,,56,44,,,,14100.8,12922.8,,
1014,116,241.3,303.2,232.8,,,,,,,,,,
1014,117,246.1,329,208.1,,,,,,,,,,
1014,118,218.3,376.5,246.7,,73,32,,,,15935.9,12048,,
1014,119,220.6,325.1,221.4,,,,,,,,,,
1014,120,211.5,349.3,238.3,,,,,,,,,,
1014,121,238.7,360.6,263,,84,41,,,,20050.8,14784.6,,
1014,122,244.9,288.4,243.8,,70,30,,,,17143,8652,,
1014,123,269.4,254,246.8,,,,,,,,,,
1014,124,269.3,297.4,267.6,,,,,,,,,,
1014,125,238.2,330.1,256.8,,,,,,,,,,
1014,126,263.5,314.3,232.7,,,,,,,,,,
1014,127,233,361.3,252.7,,,,,,,,,,
1014,128,237.8,307.7,228.6,,,,,,,,,,
1014,129,261.4,395.8,414.8,,,,,,,,,,
1014,130,244.1,305.7,282.8,,,,,,,,,,
1014,131,254.1,400.3,348.5,,,,,,,,,,
1014,132,238.6,368.2,,,68,53,,,,16224.8,19514.6,,
1015,126,288.5,,262.3,,,,,,,,,,
1015,127,250.2,,241.2,,,,,,,,,,
1015,128,321.4,,205.8,,,,,,,,,,
1015,129,238.2,,236.2,,,,,,,,,,
1015,130,242.5,209.9,263.3,,,,,,,,,,
1015,131,293.5,184.4,209.8,,,,,,,,,,
1015,132,308.2,187,227.3,,,,,,,,,,
1015,133,262,214,233.8,,,,,,,,,,
1015,134,284.9,192.1,232.8,,66,46,,,,18803.4,8836.6,,
1015,135,325.3,189.3,243.1,,35,26,,,,11385.5,4921.8,,
1015,136,276.8,200.7,224.6,,,,,,,,,,
1015,137,316.4,196.6,225.8,,54,43,,,,17085.6,8453.8,,
1015,138,309.7,190.8,219.6,,,,,,,,,,
1015,139,299.2,199.7,250.2,,,,,,,,,,
1015,140,284.6,201.9,252.3,,,,,,,,,,
1015,141,276.7,209.6,210.7,,,,,,,,,,
1015,142,349.7,201.1,242.2,,,,,,,,,,
1015,143,282.2,209.8,223.1,,,,,,,,,,
1015,144,277.2,206.9,227.2,,56,52,,,,15523.2,10758.8,,
1015,145,327,181.7,249.3,,,,,,,,,,
1015,146,280.6,204,261.1,,55,45,,,,15433,9180,,
1015,147,323.9,181.7,228.8,,,,,,,,,,
1015,148,305.6,200.4,199,,,,,,,,,,
1015,149,299.1,238.6,279.6,,,,,,,,,,
1015,150,310.1,204.3,231.9,,,,,,,,,,
1015,151,317.5,241.4,386.9,,,,,,,,,,
1015,152,675.4,353.4,,,,,,,,,,,
1015,153,541.9,364.3,,,,,,,,,,,
1016,146,329.4,,219.9,,,,,,,,,,
1016,147,294.9,,220.1,,,,,,,,,,
1016,148,282.4,,248.8,,,,,,,,,,
1016,149,297.3,,208.6,,,,,,,,,,
1016,150,282.2,181.3,231.1,,,,,,,,,,
1016,151,223.5,222.4,248.2,,,,,,,,,,
1016,152,287.4,220.4,242.2,,,,,,,,,,
1016,153,306.4,182.8,262.5,,,,,,,,,,
1016,154,280.8,226.9,239.1,,,,,,,,,,
1016,155,242.8,234.9,245.5,,,,,,,,,,
1016,156,290.2,215.6,231.7,,,,,,,,,,
1016,157,293.4,231.2,283,,,,,,,,,,
1016,158,263.8,243.4,226.6,,61,34,,,,16091.8,8275.6,,
1016,159,274.7,230.4,234.9,,,,,,,,,,
1016,160,257.6,244.2,277.3,,,,,,,,,,
1016,161,268.6,303.4,273.7,,,,,,,,,,
1016,162,273.7,214.9,242.7,,,,,,,,,,
1016,163,290.7,213.7,254.2,,,,,,,,,,
1016,164,324.7,253.3,533.9,,,,,,,,,,
1017,153,202.7,,294.7,,,,,,,,,,
1017,154,256.7,,233,,,,,,,,,,
1017,155,260,,271.1,,,,,,,,,,
1017,156,227.1,,261,,,,,,,,,,
1017,157,227.2,,268.2,,,,,,,,,,
1017,158,211.3,293.1,264.2,,61,34,,,,12889.3,9965.4,,
1017,159,238.3,393.2,222.3,,,,,,,,,,
1017,160,246.7,286.7,250,,,,,,,,,,
1017,161,215.2,388.5,239.5,,,,,,,,,,
1017,162,220.9,317.5,236.8,,,,,,,,,,
1017,163,215.1,403.8,234.6,,46,29,,,,9894.6,11710.2,,
1017,164,216.1,352.7,249.8,,,,,,,,,,
1017,165,266.9,297.3,256.6,,35,26,,,,9341.5,7729.8,,
1017,166,228.2,357.8,233.8,,,,,,,,,,
1017,167,222.6,300.9,254.8,,,,,,,,,,
1017,168,237.7,296.8,252.6,,,,,,,,,,
1017,169,239,293.6,260.2,,,,,,,,,,
1017,170,235.3,353.6,265.6,,,,,,,,,,
1017,171,248.3,281.8,248.4,,56,41,,,,13904.8,11553.8,,
1017,172,235,299.1,250.1,,52,49,,,,12220,14655.9,,
1017,173,258.9,316.9,227.4,,,,,,,,,,
1017,174,228.8,342.9,253,,,,,,,,,,
1017,175,258.9,282.8,258.8,,,,,,,,,,
1017,176,239.5,301.2,244.1,,,,,,,,,,
1017,177,265.1,282.5,241.9,,,,,,,,,,
1017,178,251.1,364.5,231.4,,,,,,,,,,
1017,179,237.3,289.7,219.9,,,,,,,,,,
1017,180,223.8,309.9,223.4,,,,,,,,,,
1017,181,268.2,298.2,250.7,,44,72,,,,11800.8,21470.4,,
1017,182,256.8,317.9,239.4,,73,41,,,,18746.4,13033.9,,
1017,183,236,296,236.8,,50,42,,,,11800,12432,,
1017,184,245.4,354.6,273.9,,,,,,,,,,
1017,185,231.8,323.5,244.7,,62,41,,,,14371.6,13263.5,,
1017,186,242.3,290.1,249.9,,,,,,,,,,
1017,187,270.4,291.6,244.8,,67,44,,,,18116.8,12830.4,,
1017,188,239.6,351.9,254.2,,,,,,,,,,
1017,189,222.6,341.3,207.4,,61,44,,,,13578.6,15017.2,,
1017,190,229.9,287.3,262.5,,,,,,,,,,
1017,191,234.5,296.9,264.1,,80,44,,,,18760,13063.6,,
1017,192,232.8,278.7,285.1,,,,,,,,,,
1017,193,231.8,287.2,266.5,,,,,,,,,,
1017,194,234,334.1,247.4,,,,,,,,,,
1017,195,242.9,335.8,219.7,,,,,,,,,,
1017,196,243,303.9,285.5,,,,,,,,,,
1017,197,279.9,280.6,266.8,,,,,,,,,,
1017,198,242,321.9,268.8,,,,,,,,,,
1017,199,241,364.1,248.1,,,,,,,,,,
1017,200,238.3,317,245.2,,,,,,,,,,
1017,201,236.9,318.4,273.7,,,,,,,,,,
1017,202,229.3,287.5,239.5,,,,,,,,,,
1017,203,237.5,291.4,217.8,,,,,,,,,,
1017,204,251.8,311.4,209.5,,,,,,,,,,
1017,205,266,296.4,225.9,,,,,,,,,,
1017,206,261.4,286.4,229.6,,,,,,,,,,
1017,207,236.5,309.4,252.6,,,,,,,,,,
1017,208,243.9,310.4,250.6,,,,,,,,,,
1017,209,249.3,429.5,373.6,,79,32,,,,19694.7,13744,,
1017,210,242.1,309,310.4,,83,27,,,,20094.3,8343,,
1017,211,248.9,285.4,295.3,,,,,,,,,,
1017,212,242.2,325.4,252,,,,,,,,,,
1017,213,289.7,263.3,235.7,,,,,,,,,,
1017,214,221.8,346.9,302.5,,52,55,,,,11533.6,19079.5,,
1017,215,257.3,278.1,244.2,,68,37,,,,17496.4,10289.7,,
1017,216,318.6,286.1,359.2,,,,,,,,,,
1017,217,287.2,301.9,217,,,,,,,,,,
1017,218,273.1,265.5,250.3,,,,,,,,,,
1017,219,252.1,309.9,267,,,,,,,,,,
1017,220,266.3,274,286,,,,,,,,,,
1017,221,415.2,422,286,,70,33,,,,29064,13926,,
1017,222,381.1,439,296.6,,,,,,,,,,
1017,223,496.7,569.1,552.3,,,,,,,,,,
1018,202,232.7,,194.7,,,,,,,,,,
1018,203,229.8,,239.3,,,,,,,,,,
1018,204,280.1,,188.1,,,,,,,,,,
1018,205,209.2,,235.8,,,,,,,,,,
1018,206,238,,220.1,,,,,,,,,,
1018,207,263.5,,207,,,,,,,,,,
1018,208,316.3,,193.5,,,,,,,,,,
1018,209,231.1,,211.8,,79,32,,,,18256.9,0,,
1018,210,267.9,242.2,232.2,,,,,,,,,,
1018,211,222.7,301.2,218.6,,,,,,,,,,
1018,212,238.7,230.6,207.8,,,,,,,,,,
1018,213,241.2,234.4,209.5,,,,,,,,,,
1018,214,245.6,252.7,212.9,,52,55,,,,12771.2,13898.5,,
1018,215,271.6,232.8,216,,68,37,,,,18468.8,8613.6,,
1018,216,260.8,241.4,211.3,,72,28,,,,18777.6,6759.2,,
1018,217,283.3,240,225.4,,57,33,,,,16148.1,7920,,
1018,218,262.4,235,237.1,,,,,,,,,,
1018,219,255.1,259.2,223,,63,39,,,,16071.3,10108.8,,
1018,220,241.9,272.1,194.7,,,,,,,,,,
1018,221,246.7,225.8,204.8,,,,,,,,,,
1018,222,245.7,253.4,214,,,,,,,,,,
1018,223,234.2,247.3,215.5,,,,,,,,,,
1018,224,255.2,277.4,196.4,,,,,,,,,,
1018,225,260.5,249.5,241.7,,,,,,,,,,
1018,226,265.6,245.4,238.4,,,,,,,,,,
1018,227,252.4,265.2,209.1,,,,,,,,,,
1018,228,255.1,289.4,202.1,,,,,,,,,,
1018,229,272.1,237.3,222,,,,,,,,,,
1018,230,243,269.8,209.6,,,,,,,,,,
1018,231,237.2,256,232.9,,,,,,,,,,
1018,232,252.3,261.7,218.5,,,,,,,,,,
1018,233,257.2,272.5,195.3,,66,31,,,,16975.2,8447.5,,
1018,234,258.1,267.1,252.8,,,,,,,,,,
1018,235,271.6,251.5,224.6,,,,,,,,,,
1018,236,226.9,254,222.7,,,,,,,,,,
1018,237,220.5,297.1,269.5,,,,,,,,,,
1018,238,229.5,331.5,251.1,,,,,,,,,,
1018,239,229.8,274.1,224,,,,,,,,,,
1018,240,250.4,255.8,238,,58,49,,,,14523.2,12534.2,,
1018,241,265.8,249,174.2,,,,,,,,,,
1018,242,268.6,310.1,326,,,,,,,,,,
1018,243,252.4,314.6,314.1,,,,,,,,,,
1018,244,235.7,211.4,222.5,,,,,,,,,,
1018,245,260.5,256.7,308,,,,,,,,,,
1018,246,279.2,242.9,302.2,,,,,,,,,,
1018,247,259,251.7,235.5,,,,,,,,,,
1018,248,407.4,399.5,219.4,,,,,,,,,,
1018,249,578.3,770.8,728,,,,,,,,,,
1019,227,681.6,,750.1,,,,,,,,,,
1019,228,706,,423,,,,,,,,,,
1019,235,655.4,398.6,386.5,,,,,,,,,,
1019,236,533.6,306.8,432.8,,,,,,,,,,
1019,244,468.5,458.4,491.6,,,,,,,,,,
1019,245,579.8,381.6,674.4,,,,,,,,,,
1019,249,574.6,357.7,,,,,,,,,,,
1019,250,551.7,367.3,400.4,,,,,,,,,,
1019,251,539.9,428.3,400.4,,,,,,,,,,
1020,229,2318.5,,1516.1,,,,,,,,,,
1020,237,1900.1,1999.7,1440.9,,,,,,,,,,
1020,246,1779.9,2530,1666.9,,,,,,,,,,
1020,251,1947.5,1437.9,,,,,,,,,,,
1020,252,2155.8,1490.7,1601.7,,,,,,,,,,
1021,230,173.9,,283.4,,62,23,,,,10781.8,0,,
1021,231,171.1,,332.3,,,,,,,,,,
1021,232,152.6,,340.9,,,,,,,,,,
1021,233,210.3,,214.2,,,,,,,,,,
1021,234,164.7,,335.4,x,,,,,,,,,
1021,235,137.7,,348.4,,,,,,,,,,
1021,236,191.9,,267.8,,,,,,,,,,
1021,237,138.2,,318.1,x,,,,,,,,,
1021,238,175.9,455.1,313.3,,,,,,,,,,
1021,239,161.7,274,262,,,,,,,,,,
1021,240,136.3,304.4,304.3,,,,,,,,,,
1021,241,154.7,279.6,318.4,,65,46,,,,10055.5,12861.6,,
1021,242,168.4,333.4,308.4,,,,,,,,,,
1021,243,148.3,363.5,386,,,,,,,,,,
1021,244,168.4,424.2,328.5,,,,,,,,,,
1021,245,167.2,346.5,313.3,,,,,,,,,,
1021,246,157,285.2,399.6,,,,,,,,,,
1021,247,171.1,344.1,321.1,,,,,,,,,,
1021,248,180.5,296.3,336.1,,,,,,,,,,
1021,249,177.5,333.8,291,,,,,,,,,,
1021,250,188.3,317.5,299.9,,,,,,,,,,
1021,251,176.5,358.7,314.6,,,,,,,,,,
1021,252,188.2,390.3,315.9,,,,,,,,,,
1021,253,191.2,369.3,371.6,,,,,,,,,,
1021,254,195.7,398.9,348.6,,,,,,,,,,
1021,255,169.4,409.3,382.9,,,,,,,,,,
1021,256,191.9,449.6,410.5,,,,,,,,,,
1021,257,205.1,379.4,366.9,,,,,,,,,,
1021,258,205.7,375,338.6,,,,,,,,,,
1021,259,213.6,310.2,368.9,,,,,,,,,,
1021,260,209.9,354.3,309.5,,65,45,,,,13643.5,15943.5,,
1021,261,211.1,373.3,386.1,,28,23,,,,5910.8,8585.9,,
1021,262,186.8,325.9,441.6,,69,43,,,,12889.2,14013.7,,
1021,263,213.3,385.8,439.9,x,,,,,,,,,
1021,264,211.3,388.8,351.5,,,,,,,,,,
1021,265,212.1,379.8,466,,,,,,,,,,
1021,266,211.3,367.4,342.7,,,,,,,,,,
1021,267,216.8,380.9,412.3,,,,,,,,,,
1021,268,212.4,385.1,324.7,,,,,,,,,,
1021,269,204.4,386.5,307.9,,,,,,,,,,
1021,270,198.4,384.8,427,,,,,,,,,,
1021,271,212.7,370.9,364.9,,,,,,,,,,
1021,272,204.4,466.9,485.9,,,,,,,,,,
1021,273,249.1,359.1,465,,63,31,,,,15693.3,11132.1,,
1021,274,232,396.5,400.4,,,,,,,,,,
1021,275,227.8,406.9,552.3,,,,,,,,,,
1021,276,244.3,381,485.4,,,,,,,,,,
1021,277,246.6,411.7,,,,,,,,,,,
1021,278,203.8,427.1,,,,,,,,,,,
1021,279,304.3,525,696.4,,,,,,,,,,
1021,280,340.4,697.9,640.7,,,,,,,,,,
1021,281,504.8,640.2,616,,,,,,,,,,
01013A,54,780,1308.1,1232.1,,,,,,,,,,
01013A,59,605.2,1023,,,,,,,,,,,
01013A,60,454.3,1062.4,983.3,,,,,,,,,,
01013A,63,363.7,959.2,596.4,,,,,,,,,,
,,,,,,,,,,,14999.9137931034,10942.0971428571,#DIV/0!,#DIV/0!
,,,,,,,,,,,14664,11132.1,,
,,,,,,,,,,,,,,
,,,,,,,,,,,14800,11000,1.34545454545455,
,,,,,,,,,,,,,,
,,,,,,,,,,,4200,3000,1.4,
