eleccion_id,agrupacion_nombre,lista_nombre,cargo_id,lista_votos,cluster,año,eleccion_tipo,recuento_tipo,padron_tipo,eleccion_tag,cargo_nombre,cargo_tag
3,FRENTE SOCIAL DE LA PROVINCIA DE BUENOS AIRES,LINEA BLANCA Y CELESTE - 4,7,8753,1,2013,PASO,PROVISORIO,NORMAL,PASO13n,Concejal,IN
3,FRENTE RENOVADOR,CORRIENTE RENOVADORA - LISTA 1,7,17297,3,2013,PASO,PROVISORIO,NORMAL,PASO13n,Concejal,IN
14,FRENTE DE TODOS,CELESTE Y BLANCA - 2,7,34891,1,2019,PASO,PROVISORIO,NORMAL,PASO19n,Concejal,IN
14,JUNTOS POR EL CAMBIO,3A - ROJO,7,9397,2,2019,PASO,PROVISORIO,NORMAL,PASO19n,Concejal,IN
14,JUNTOS POR EL CAMBIO,1A - AMARILLO,7,11489,2,2019,PASO,PROVISORIO,NORMAL,PASO19n,Concejal,IN
3,FRENTE PARA LA VICTORIA,LISTA 2 - CELESTE Y BLANCA K,6,19635,1,2013,PASO,PROVISORIO,NORMAL,PASO13n,Diputado Provincial,DP
3,FRENTE PROGRESISTA CIVICO Y SOCIAL,UNIDAD PROGRESISTA - A,6,8667,2,2013,PASO,PROVISORIO,NORMAL,PASO13n,Diputado Provincial,DP
3,FRENTE RENOVADOR,CORRIENTE RENOVADORA - LISTA 1,6,19797,3,2013,PASO,PROVISORIO,NORMAL,PASO13n,Diputado Provincial,DP
16,FRENTE DE TODOS,CELESTE Y BLANCA 2,6,18940,1,2021,PASO,PROVISORIO,NORMAL,PASO21n,Diputado Provincial,DP
16,JUNTOS,DAR EL PASO,6,8596,2,2021,PASO,PROVISORIO,NORMAL,PASO21n,Diputado Provincial,DP
16,JUNTOS,A,6,16017,3,2021,PASO,PROVISORIO,NORMAL,PASO21n,Diputado Provincial,DP
10,UNIDAD CIUDADANA,CELESTE Y BLANCA U2,6,26312,1,2017,PASO,PROVISORIO,NORMAL,PASO17n,Diputado Provincial,DP
10,CAMBIEMOS BUENOS AIRES,1A AMARILLO,6,22602,2,2017,PASO,PROVISORIO,NORMAL,PASO17n,Diputado Provincial,DP
10,1PAIS,UN PAIS UNIDO HOY Y SIEMPRE,6,10806,3,2017,PASO,PROVISORIO,NORMAL,PASO17n,Diputado Provincial,DP
3,FRENTE PARA LA VICTORIA,LISTA 2 - CELESTE Y BLANCA K,3,19900,1,2013,PASO,PROVISORIO,NORMAL,PASO13n,Diputado Nacional,DN
3,FRENTE RENOVADOR,CORRIENTE RENOVADORA - LISTA 1,3,22032,3,2013,PASO,PROVISORIO,NORMAL,PASO13n,Diputado Nacional,DN
6,ALIANZA FRENTE PARA LA VICTORIA,A LISTA CELESTE Y BLANCA K NESTOR KIRCHNER,3,23881,1,2015,PASO,PROVISORIO,NORMAL,PASO15n,Diputado Nacional,DN
6,ALIANZA CAMBIEMOS,LISTA G EL CAMINO DEL CAMBIO,3,13516,2,2015,PASO,PROVISORIO,NORMAL,PASO15n,Diputado Nacional,DN
6,ALIANZA UNIDOS POR UNA NUEVA ALTERNATIVA (UNA),A FRENTE RENOVADOR +A15,3,12662,3,2015,PASO,PROVISORIO,NORMAL,PASO15n,Diputado Nacional,DN
16,FRENTE DE TODOS,CELESTE Y BLANCA,3,18969,1,2021,PASO,PROVISORIO,NORMAL,PASO21n,Diputado Nacional,DN
16,JUNTOS,DAR EL PASO,3,8922,2,2021,PASO,PROVISORIO,NORMAL,PASO21n,Diputado Nacional,DN
16,JUNTOS,ES JUNTOS,3,15865,2,2021,PASO,PROVISORIO,NORMAL,PASO21n,Diputado Nacional,DN
10,UNIDAD CIUDADANA,CELESTE Y BLANCA U,3,27115,1,2017,PASO,PROVISORIO,NORMAL,PASO17n,Diputado Nacional,DN
10,CAMBIEMOS BUENOS AIRES,CAMBIANDO JUNTOS,3,22903,2,2017,PASO,PROVISORIO,NORMAL,PASO17n,Diputado Nacional,DN
10,1PAIS,UN PAIS UNIDO HOY Y SIEMPRE,3,11079,3,2017,PASO,PROVISORIO,NORMAL,PASO17n,Diputado Nacional,DN
14,FRENTE DE TODOS,CELESTE Y BLANCA,3,36665,1,2019,PASO,PROVISORIO,NORMAL,PASO19n,Diputado Nacional,DN
14,JUNTOS POR EL CAMBIO,JUNTOS SOMOS EL CAMBIO,3,20811,2,2019,PASO,PROVISORIO,NORMAL,PASO19n,Diputado Nacional,DN
6,ALIANZA FRENTE PARA LA VICTORIA,LISTA CELESTE Y BLANCA K 10,4,11169,1,2015,PASO,PROVISORIO,NORMAL,PASO15n,Gobernador,GB
6,ALIANZA FRENTE PARA LA VICTORIA,LISTA CELESTE Y BLANCA K 1,4,12799,1,2015,PASO,PROVISORIO,NORMAL,PASO15n,Gobernador,GB
6,CAMBIEMOS BUENOS AIRES,LISTA 1 A AMARILLO,4,15525,2,2015,PASO,PROVISORIO,NORMAL,PASO15n,Gobernador,GB
6,ALIANZA UNIDOS POR UNA NUEVA ALTERNATIVA (UNA),A FRENTE RENOVADOR +A15,4,12313,3,2015,PASO,PROVISORIO,NORMAL,PASO15n,Gobernador,GB
14,FRENTE DE TODOS,CELESTE Y BLANCA,4,36728,1,2019,PASO,PROVISORIO,NORMAL,PASO19n,Gobernador,GB
14,JUNTOS POR EL CAMBIO,1A,4,22605,2,2019,PASO,PROVISORIO,NORMAL,PASO19n,Gobernador,GB
6,ALIANZA FRENTE PARA LA VICTORIA,LISTA CELESTE Y BLANCA K 2,5,23194,1,2015,PASO,PROVISORIO,NORMAL,PASO15n,Senador Provincial,SP
6,CAMBIEMOS BUENOS AIRES,LISTA 1 A AMARILLO,5,15057,2,2015,PASO,PROVISORIO,NORMAL,PASO15n,Senador Provincial,SP
6,ALIANZA UNIDOS POR UNA NUEVA ALTERNATIVA (UNA),A FRENTE RENOVADOR +A15,5,11634,3,2015,PASO,PROVISORIO,NORMAL,PASO15n,Senador Provincial,SP
14,FRENTE DE TODOS,CELESTE Y BLANCA,5,36238,1,2019,PASO,PROVISORIO,NORMAL,PASO19n,Senador Provincial,SP
14,JUNTOS POR EL CAMBIO,1A,5,21704,2,2019,PASO,PROVISORIO,NORMAL,PASO19n,Senador Provincial,SP
6,ALIANZA FRENTE PARA LA VICTORIA,A LISTA CELESTE Y BLANCA K NESTOR KIRCHNER,9,23707,1,2015,PASO,PROVISORIO,NORMAL,PASO15n,Parlamentarios Mercosur Provinciales,MP
6,ALIANZA CAMBIEMOS,LISTA G EL CAMINO DEL CAMBIO,9,13149,2,2015,PASO,PROVISORIO,NORMAL,PASO15n,Parlamentarios Mercosur Provinciales,MP
6,ALIANZA UNIDOS POR UNA NUEVA ALTERNATIVA (UNA),A FRENTE RENOVADOR +A15,9,12171,3,2015,PASO,PROVISORIO,NORMAL,PASO15n,Parlamentarios Mercosur Provinciales,MP
6,ALIANZA FRENTE PARA LA VICTORIA,A LISTA CELESTE Y BLANCA K NESTOR KIRCHNER,8,24637,1,2015,PASO,PROVISORIO,NORMAL,PASO15n,Parlamentarios Mercosur Nacionales,MN
6,ALIANZA CAMBIEMOS,LISTA H CAMBIEMOS EL PAIS,8,14845,2,2015,PASO,PROVISORIO,NORMAL,PASO15n,Parlamentarios Mercosur Nacionales,MN
6,ALIANZA UNIDOS POR UNA NUEVA ALTERNATIVA (UNA),A FRENTE RENOVADOR +A15,8,12618,3,2015,PASO,PROVISORIO,NORMAL,PASO15n,Parlamentarios Mercosur Nacionales,MN
6,ALIANZA FRENTE PARA LA VICTORIA,A LISTA CELESTE Y BLANCA K NESTOR KIRCHNER,1,26253,1,2015,PASO,PROVISORIO,NORMAL,PASO15n,Presidente,PR
6,ALIANZA CAMBIEMOS,LISTA G EL CAMINO DEL CAMBIO,1,13595,2,2015,PASO,PROVISORIO,NORMAL,PASO15n,Presidente,PR
6,ALIANZA UNIDOS POR UNA NUEVA ALTERNATIVA (UNA),A FRENTE RENOVADOR +A15,1,13220,3,2015,PASO,PROVISORIO,NORMAL,PASO15n,Presidente,PR
14,FRENTE DE TODOS,CELESTE Y BLANCA - Alberto Fernández,1,38744,1,2019,PASO,PROVISORIO,NORMAL,PASO19n,Presidente,PR
14,JUNTOS POR EL CAMBIO,JUNTOS SOMOS EL CAMBIO - Mauricio Macri,1,20620,2,2019,PASO,PROVISORIO,NORMAL,PASO19n,Presidente,PR
5,ALIANZA FRENTE PARA LA VICTORIA,ALIANZA FRENTE PARA LA VICTORIA,10,13679,1,2015,GENERAL,PROVISORIO,NORMAL,GRAL15n,Concejales,CO
5,CAMBIEMOS BUENOS AIRES,CAMBIEMOS BUENOS AIRES,10,13700,2,2015,GENERAL,PROVISORIO,NORMAL,GRAL15n,Concejales,CO
5,ALIANZA UNIDOS POR UNA NUEVA ALTERNATIVA (UNA),ALIANZA UNIDOS POR UNA NUEVA ALTERNATIVA (UNA),10,9846,3,2015,GENERAL,PROVISORIO,NORMAL,GRAL15n,Concejales,CO
5,NUEVO ZARATE,NUEVO ZARATE,10,26530,3,2015,GENERAL,PROVISORIO,NORMAL,GRAL15n,Concejales,CO
16,FRENTE DE TODOS,CELESTE Y BLANCA 2,10,18253,1,2021,PASO,PROVISORIO,NORMAL,PASO21n,Concejales,CO
16,JUNTOS,B,10,11273,2,2021,PASO,PROVISORIO,NORMAL,PASO21n,Concejales,CO
10,UNIDAD CIUDADANA,CELESTE Y BLANCA U,2,28591,1,2017,PASO,PROVISORIO,NORMAL,PASO17n,Senador Nacional,SN
10,CAMBIEMOS BUENOS AIRES,CAMBIANDO JUNTOS,2,22804,2,2017,PASO,PROVISORIO,NORMAL,PASO17n,Senador Nacional,SN
10,1PAIS,UN PAIS UNIDO HOY Y SIEMPRE,2,11567,3,2017,PASO,PROVISORIO,NORMAL,PASO17n,Senador Nacional,SN
